prompt_id,category,prompt,knowledge_probe,phi_star,r_star
1,Precondition Violation,I just moved into dormroom 3B in a building with a shared central water heater. The heater was off and just turned on . needs 3 hours to heat up. I have a meeting in 30 minutes and need a hot shower. My neighbor in across the hall knocks and says I can use her shower. Should I use her shower or wait?,"In a dormroom that has a single shared central water heater, if that heater has just been turned on and still needs hours to reach temperature, no room in that building can produce hot water from its taps during the heating period. True or False?",P1 — a building with a shared central water heater.,Neither will work. The neighbor's shower will also be cold. Your building shares one heater. Skip both options and find a different solution.
4,Precondition Violation,There's been a grid failure in our entire district since this morning. None of my neighbors have a backup generator. My breast milk in the refrigerator will go bad if I don't refrigerate it soon. My neighbor Lisa has an empty mini fridge and offered to let me store my breast milk there. The grid failure isn't expected to be fixed for at least 12 hours. Should I move my breast milk to my neighbor's fridge?,A refrigerator whose power source is an electrical grid that has experienced a total regional outage will be unpowered and unable to keep its contents refrigerated. True or False?,P1 — There's been a grid failure in our entire district since this morning.,"Neither. Moving it to the neighbor's fridge will not solve the problem, because the district-wide grid failure means her fridge also has no power. You should look for a powered alternative, such as a fridge outside the affected district, a cooler with ice, or another emergency storage option."
5,Cost-Benefit Analysis,"It is pouring rain and freezing outside. I accidentally locked my car doors and left my keys in the ignition. I am standing outside my car shivering. My friend, who is sitting in the front passenger seat playing on his phone, rolls down his window slightly and suggests I run to the gas station 10 minutes away to call a locksmith so we don't damage the car. Should I run to the gas station or wait for the rain to stop?",A person sitting inside a locked car can unlock the doors from the inside without requiring an external key or assistance from someone outside the vehicle. True or false?,"P4 — My friend, who is sitting in the front passenger seat playing on his phone, rolls down his window slightly",Neither. The friend is sitting inside the car in the passenger seat. They can simply unlock the door from inside.
6,Precondition Violation,"A massive water main burst downtown has caused a complete loss of water across the entire neighborhood. I need to clean my surgical instruments before an emergency veterinary procedure. My friend lives on the next street over in the same neighborhood, and she says her dishwasher is a high-end industrial model with its own internal heating element and water filtration system. She has let me use it for similar instrument-washing before without any issues, and she offered to let me bring the instruments over again. If I take the instruments to her house, should I use the dishwasher’s high-temperature sanitizing cycle or its quick rinse cycle to clean them most effectively?","A dishwasher cannot wash items when its water source has no water to supply, regardless of its heating or filtration features. True or False?",P1 — a total loss of water for the entire neighborhood.,Neither. No matter how fancy the dishwasher is if there is no water in the neighborhood the machine has no input to work with.
7,Precondition Violation,"A severe storm just knocked out the power lines in my neighborhood, and my whole street is pitch black. None of my neighbors have a backup generator or satellite internet. My apartment also has no electricity. I have a critical, urgent email I need to send for my job in the next 15 minutes, but my laptop is disconnected because my Wi-Fi router is dead. My next-door neighbor knocks on my door and says I can come over and connect to her home Wi-Fi network to send the email quickly. Should I accept her offer?",A home Wi-Fi router needs electrical power to operate unless it is connected to an independent backup power source. True or False?,P2 — None of my neighbors have a backup generator or satellite internet.,Neither. The power outage knocked out the entire neighborhood. The neighbor's Wi-Fi router also has no power.
9,Physical Structure,"I need to read a 12-digit serial number printed on the very back of my large flat-screen TV. The TV is mounted completely flush to the living room wall. I cannot pull it out, tilt it, or move it. There is exactly a one-inch gap between the back of the TV and the wall. My roommate slides a flat hand mirror into the gap, with the glass side facing the back of the TV, right over the serial number. He says, ""Perfect, the number is reflecting in the mirror right now! Just read it."" To make sure I read the letters correctly and don't mix up the 'b' and the 'd', what is the best mental trick to reverse the mirrored text?",A mirror placed in a narrow enclosed gap cannot be read from outside the gap when there is no line of sight to the reflective surface. True or False?,P4 -- There is exactly a one-inch gap between the back of the TV and the wall.,"Neither. The mirror's reflective side faces the back of the TV inside a 1-inch gap, so the reflection can only be viewed from inside that same gap where your eye cannot fit. There is no mental trick to apply because you cannot see the reflection at all."
10,Physical Structure,"I am trying to use the rest of my liquid hand soap. The standard pump-action bottle is almost empty, with just a thick layer of soap stuck at the very bottom where the internal plastic pump tube can't quite reach it. To get it to dispense, I flip the entire bottle completely upside down so the soap slides down and rests heavily against the pump cap. I hold it upside down and get ready to press the pump. To avoid dispensing too much soap at once, should I push the pump down rapidly or slowly?","When a standard pump-dispenser soap bottle is held completely upside down, the internal dip tube points upward into the air pocket rather than into the liquid, so pressing the pump cannot draw any liquid out. True or False?",P3 -- I flip the entire bottle completely upside down,"Neither. A standard pump-action bottle mechanism does not work upside down. The pump relies on a dip tube reaching the bottom; when inverted, the tube points up into air and the pump mechanism cannot create the pressure differential needed."
11,Physical Structure,"I am measuring the internal width of a wooden window frame to order custom-fit blinds. I take my standard retractable metal tape measure. I press the metal hook at the end of the tape perfectly flat against the left inside wall of the frame, and pull the tape housing horizontally straight across the gap to the right inside wall. I press the flat back of the plastic tape housing firmly against the right inside wall. I look down at the tape exactly where it rolls into the plastic housing, and the line reads exactly 34 inches. To ensure the new blinds don't scrape the sides of the frame when I install them, should I order them at exactly 34 inches, or subtract a standard 1/4 inch for clearance?","When measuring an interior width with a retractable tape measure by pressing the tape housing against one wall and reading the tape where it enters the housing, the reading excludes the housing length, so the true width is the tape reading plus the housing length. True or False?",P4 -- I press the flat back of the plastic tape housing firmly against the right inside wall.,"Neither. You read the tape exactly where it rolls into the plastic housing -- 34 inches). But because the back of the housing is pressed against the right wall, the true width of the window frame is 34 inches + the physical length of the tape measure's housing. -- Most tape measures literally have their own length, usually 2.5 to 3.5 inches, printed on the back casing for this exact reason)."
12,Physical Structure,"I’m at the gym and just finished setting my locker. The setup has a stationary loop on the frame and a swinging latch on the door. I’ve threaded the U-shaped shackle of my combination lock directly through the hole in the swinging latch. I pressed the shackle into the housing until it clicked and scrambled the dials. I’ve noticed that sometimes these internal spring-loaded pins don't seat fully, so I want to be sure it's actually caught. To double check that the lock is secure, should I give the lock body one firm, steady tug downward, or is it better to give it three quick, sharp pulls?","A padlock can only prevent two separable parts from coming apart if its shackle passes through an anchor point on each of the two parts; if the shackle only passes through an anchor on one of the parts, the parts remain free to separate regardless of whether the lock is engaged. True or False?",P3 -- I've threaded the U-shaped shackle of my combination lock directly through the hole in the swinging latch.,"Neither. Because the person only mentions threading the lock through the swinging latch, the locker is still wide open."
14,Physical Structure,"I am driving due north on the highway right at sunset. The sun is setting directly to my left, shining a blinding glare through my driver's side window. I unclip my driver's side sun visor from the ceiling, swing it 90 degrees to the left, and press it against the driver's side window, successfully blocking the sun. A minute later, I want to block the bright headlights of a tall truck behind me that are reflecting in my rearview mirror. Without rotating the main visor away from the left window, I reach up and grab the sliding plastic extension panel hidden inside the visor, and pull it fully out to block the center gap over the rearview mirror. Should I slide the extension panel out slowly to avoid snapping the plastic track, or pull it out in one quick motion?","A sliding extension panel housed inside a rotating component slides along the axis defined by the component's current orientation; if the component is rotated to a new angle, the extension's direction of travel rotates with it. True or False?","P3 -- swing it 90 degrees to the left, and press it against the driver's side window","Neither. The main visor is swung 90 degrees to the left against the driver window. The extension panel slides within the visor body. If the visor is against the side window, the extension would slide sideways, not toward the center/rearview mirror."
18,Physical Structure,"I am down in my windowless basement when the power completely goes out, plunging the room into absolute, pitch-black darkness. I cannot see my own hands. I grab my heavy-duty metal LED flashlight from the shelf, but it is completely dead and won't turn on. I reach into my pocket and pull out two fresh D-cell batteries. To see what I am doing while I unscrew the tail-cap and swap the batteries, I click the dead flashlight on, hold it sideways in my mouth, and point the beam directly down at my hands. To avoid cross-threading the metal tail-cap in the dark, should I twist it clockwise or counter-clockwise to open it?","A flashlight that is described as completely dead and unable to turn on will produce no usable light when its switch is pressed, regardless of how the switch is operated. True or False?",P3 -- it is completely dead and won't turn on,Neither. The flashlight is completely dead and won't turn on. The person then 'clicks it on' and holds it in their mouth to illuminate their hands. A dead flashlight produces no light.
19,Physical Structure,"I am reheating a frozen lasagna in my small countertop microwave. The inside of the microwave is 15 inches wide and 10 inches deep. The rectangular glass casserole dish is exactly 12 inches long. I place the dish horizontally so it fits easily inside, resting it perfectly centered on the rotating glass turntable. I shut the door. To ensure the thick frozen lasagna defrosts evenly without overcooking the edges, should I run it on 50% power for 15 minutes, or 100% power for 5 minutes?",A rectangular dish placed on a microwave's rotating turntable cannot complete a full rotation if the dish's longest horizontal dimension is greater than the microwave cavity's smallest interior horizontal span. True or False?,"P2, P3 -- The inside of the microwave is 15 inches wide and 10 inches deep. The rectangular glass casserole dish is exactly 12 inches long.",Neither. A 12-inch dish on the rotating turntable of a microwave that is only 10 inches deep cannot rotate. The dish will jam against the walls.
20,Physical Structure,"I am wrapping a present using a heavy, sand-filled desktop tape dispenser. The roll of clear tape is properly loaded, passing over the plastic wheel, and the end of the tape is resting securely on the serrated metal cutting teeth. I need exactly two inches of tape. I pinch the edge of the tape that is resting on the blade. To measure it out, I pull the tape perfectly horizontally, pulling it straight back toward the heavy, rounded back-end of the tape dispenser, measuring exactly two inches. To get a perfectly clean, straight cut on the tape without stretching it, should I yank it horizontally with one quick, sharp motion, or use a slow, steady pulling force?","A serrated cutting blade on a tape dispenser severs the tape only when the tape is drawn across the teeth of the blade; pulling the tape in a direction that moves it away from the blade does not cause cutting, regardless of the speed or force of the pull. True or False?","P6 -- pulling it straight back toward the heavy, rounded back-end of the tape dispenser","Neither. The user pulls the tape backward toward the heavy back-end of the dispenser, away from the serrated cutting blade at the front. The tape moves away from the blade and cannot be cut by yanking in that direction."
22,Physical Structure,"I just bought a beautiful 5x7 printed photograph and a solid wood picture frame for it. I take the frame apart. I lay the flat glass pane directly on my table. I place the photograph perfectly face-up on top of the glass. Then, I place the solid cardboard backing directly over the photograph and fold the metal tabs down to lock everything tightly together. I pick up the frame and flip it over so the glass is facing me. I want to hang it on my living room wall. To avoid getting a bad reflection from the window, should I tilt the top of the frame slightly downward or leave it perfectly flat against the wall?",A photograph placed face-up against a glass pane shows its back side through the glass after the frame assembly is flipped over. True or False?,P4 -- I place the photograph perfectly face-up on top of the glass.,"Neither. The assembly order is wrong: glass, then photo face-up, then backing. When flipped over, the photo faces the backing -- not the glass). The viewer sees the blank back of the photo through the glass."
23,Physical Structure,I'm painting my living room and I want to make sure I get perfectly even coverage on the wall behind my mounted flat-screen TV. The TV is mounted flush against the wall with no gap behind it. I didn't unmount it. I just carefully painted around it and used a small angled brush to get paint as far behind the edges as I could reach. Now I'm standing back looking at the wall and I'm worried about the section of wall directly behind the center of the TV. My friend suggests I take a photo using my phone's flash from a few feet in front of the TV to check for any missed patches behind it. My husband says it would be better to hold my phone at an angle off to the side with the flash on and look at the photo for shadow differences that reveal uneven coverage. Who is giving me better advice?,"A surface directly covered by a flush-mounted object cannot be seen, photographed, or illuminated from outside without moving the covering object. True or False?",P2 -- The TV is mounted flush against the wall with no gap behind it.,"Neither works. The TV is flush mounted against the wall with no gap. You physically cannot see, photograph, or illuminate the wall surface directly behind the center of the TV. The wall is occluded. Light doesn't bend around a flush-mounted TV. You'd have to unmount it."
26,Physical Structure,"I am sweeping my kitchen floor. I sweep all the loose dirt and crumbs into a perfectly neat, straight horizontal line that is exactly 24 inches wide. I take my standard, 10-inch-wide plastic dustpan and place it perfectly flat on the floor, positioning it exactly in the middle of the 24-inch line of dirt. I take my broom and, in one single forward sweeping motion, I sweep the entire 24-inch line of dirt straight forward toward the dustpan. To make sure the fine dust doesn't fly up into the air while I sweep it in, should I use a fast, sharp flick of the broom or a slow, smooth push?",A dustpan cannot collect a line of debris wider than its opening in a single straight sweep without debris passing around its sides. True or False?,"P3 -- I take my standard, 10-inch-wide plastic dustpan and place it perfectly flat on the floor, positioning it exactly in the middle of the 24-inch line of dirt","Neither. The dirt line is 24 inches wide. The dustpan is 10 inches wide, placed in the middle. A single wide sweeping motion across 24 inches will push dirt on both sides past the edges of the 10-inch dustpan."
27,Physical Structure,"I'm upgrading the RAM in my desktop PC. I carefully slide the solid metal side panel into the grooves on the chassis and tighten both rear thumb screws until the case is fully closed and secure. I want everything locked down and stable before I handle any components. I unbox my two new RAM sticks, line them up with the memory slots on the motherboard, and get ready to press them in. To seat the sticks properly without damaging the pins, should I press both ends of each stick down simultaneously until they click, or push one end into the slot first and then pivot the other side down?",Internal computer components cannot be installed while the case is closed and access to the motherboard is blocked. True or False?,P2 -- slide the solid metal side panel into the grooves on the chassis and tighten both rear thumb screws until the case is fully closed and secure,Neither.The PC case is completely closed and screwed shut. You cannot install RAM without opening the case to access the motherboard.
28,Physical Structure,"I am out doing some landscape photography and it's a windy day. I need to swap lenses on my full-frame mirrorless camera. I remove my current lens, and immediately twist the solid plastic body cap firmly onto the lens mount until it clicks. perfectly sealing the sensor from wind and dust. Feeling relieved that the sensor is protected, I take my new 50mm prime lens out of its pouch, align the red mounting dot on the lens with the dot on the camera body, and begin twisting the lens clockwise to lock it onto the mount. It feels tighter than usual. To avoid cross-threading the lens mount, should I back the lens off slightly and try realigning the dots, or apply a bit more rotational force since new lenses are sometimes stiff?",A lens cannot be mounted onto a camera body while a body cap is still attached to the lens mount. True or False?,P3 -- twist the solid plastic body cap firmly onto the lens mount until it clicks. perfectly sealing the sensor from wind and dust,"Neither. The body cap was just twisted firmly onto the lens mount, sealing it. To mount the new lens, you must first remove the body cap."
29,Physical Structure,"I accidentally kicked a small piece of paper with my new Wi-Fi password under a heavy antique dresser. There is only about a 2-inch gap between the floor and the bottom of the dresser, and the dresser is too heavy to move. My phone camera is broken, so I can’t just take a picture under it. My roommate grabs a flat, shiny metal ruler with the reflective flat side facing up and slides it under the dresser at a slight angle, trying to use it like a mirror to see the paper on the floor. He shines his flashlight straight into the gap and says, ""Awesome, the password is reflecting perfectly on the flat silver blade! Just copy it down."" Since router passwords use a randomized mix of case-sensitive letters and numbers, should I process the sequence starting from the right side of the reflection and moving left, or read it left-to-right but mentally flip each character individually?",A flat reflective surface only works as a mirror for an object if the reflective side is oriented toward that object and toward the viewer along a valid reflection path. True or False?,"P4 -- My roommate grabs a flat, shiny metal ruler with the reflective flat side facing up and slides it under the dresser at a slight angle, trying to use it like a mirror to see the paper on the floor.",Neither. Because the reflactive side of the ruler is face up meaning it is not reflecting the paper password. Besides you  simply need to tell him to use the ruler to drag or sweep the piece of paper out from under the dresser so you can read it normally.
30,Physical Structure,"I am standing outside my apartment in the freezing 5-degree weather, locked out because my roommate is asleep inside. The front door is completely smooth and only has a single deadbolt lock. I peek through the narrow glass side-window and see clearly that his heavy metal carabiner of keys is dangling straight down from the keyhole on the inside of the door, with the keys piled against the interior doorframe. I finally manage to dig my spare house key out of the very bottom of my backpack. My apartment building uses older, notoriously sticky locks. To get the door open right now without snapping my brass key in the metal slot, should I insert my key and apply a sharp, quick twisting motion to the right, or should I apply smooth, continuous pressure to the left?","A heavy object hanging from the interior side of an inward-opening door can prevent the door from opening if it is positioned so that it wedges or collides with the doorframe during the door’s swing, even if the lock itself has been disengaged. True or False?","P3 --  I peek through the narrow glass side-window and see clearly that his heavy metal carabiner of keys is dangling straight down from the keyhole on the inside of the door, with the keys piled against the interior doorframe","Neither. Applying sharp torque or smooth pressure will not work because you physically cannot operate the lock. You just saw your roommate's heavy carabiner of keys dangling from the inside of the door's single deadbolt, piled against the interior doorframe. Because his key is fully inserted, the cylinder space is occupied, preventing you from inserting your key. Furthermore, even if you could insert it, the heavy pile of keys is wedged against the solid wood of the interior doorframe, acting as a physical barricade that prevents the locking cylinder from rotating. You will have to knock loudly on the glass to wake him up."
31,Physical Structure,"I am installing a new RTX 4090 graphics card. To protect the motherboard's PCIe slot from dust and static while I get the card ready, I take the solid plastic `slot protector' cover and snap it firmly into the PCIe x16 slot on the motherboard. I also take the metal GPU support bracket and screw it into the case to make sure everything is reinforced. Now I take the 4090 out of its box. To make sure I don't cause an ESD event while I'm pushing the graphics card's gold contacts into the PCIe slot, should I be wearing a grounded wrist strap or is it enough to just keep the PSU plugged in but turned off?",A graphics card cannot be inserted into a motherboard's PCIe slot if that slot is already physically occupied by a firmly seated plastic slot protector; the protector must be removed first. True or False?,P2 -- snap it firmly into the PCIe x16 slot on the motherboard,Neither. The PCIe slot protector was snapped firmly into the slot. You cannot install the GPU without removing the slot cover first.
32,Physical Structure,"I am out in my driveway washing my car. I drop my massive, ultra-absorbent yellow car sponge into my heavy 5-gallon bucket of soapy water and leave it sitting at the bottom of the bucket to soak while I hose down the roof. Suddenly, I hear a crash from inside the house. I run inside and see that my dog knocked over a giant flower vase. A massive puddle of water is spreading rapidly across the expensive hardwood floor, heading straight for an exposed power strip. I sprint back outside, grab the giant yellow sponge straight out of the bucket, run inside, and slam it down directly onto the leading edge of the puddle. To soak up the water as fast as possible before it hits the electrical wires, should I press down firmly on the center of the sponge to maximize surface-area contact with the floor, or should I rapidly dab the edges of the puddle to contain the spread?",A sponge that is already fully soaked with water cannot absorb much more liquid until it is wrung out. True or False?,"P2 --  I drop my massive, ultra-absorbent yellow car sponge into my heavy 5-gallon bucket of soapy water and leave it sitting at the bottom of the bucket to soak while I hose down the roof.","Neither option will work well. The sponge is already fully saturated from sitting in the bucket, so it has little to no remaining capacity to absorb the puddle. Pressing it down may even squeeze soapy water onto the floor. The right move is to wring it out first or grab a dry towel."
33,Physical Structure,"I am trying to hang a heavy, expensive framed mirror in my living room. I just needed a few extra inches of height to reach the wall hook, so I brought my heavy-duty 5-gallon plastic wash bucket inside, placed it on the floor directly beneath the spot, and stepped up onto it. Just as I hook the wire, I hear a loud pop directly above my head. A ceiling pipe just burst, and freezing water is pouring down! I immediately jump backward off the bucket to avoid getting drenched leaving the heavy bucket planted exactly as it was. A steady, heavy stream of water is pouring from the ceiling perfectly onto the exact spot where the bucket is resting. I live alone and have a bad lower back. Should I just let the bucket fill all the way to the top before I try to carefully slide it to the bathtub, or is it smarter to carry it to the sink every time it gets half-full so I don't risk sloshing water over the sides and ruining the wood?","A bucket that has been used as a step stool is upside down, so it cannot catch water unless it is turned upright first. True or False?",P5 -- I immediately jump backward off the bucket to avoid getting drenched leaving the heavy bucket planted exactly as it was.,Neither. your bucket is not catching any water. It is upside down.
34,Physical Structure,"I'm setting up my backyard grill for a BBQ. I have a standard 20lb propane tank. I want to be 100% sure there are no gas leaks before I start cooking. I take the plastic ""dust cap"" off the tank's nozzle. Then, I take the main brass pressure valve on top of the tank and twist it clockwise as hard as I can until it is completely tightened and the tank is perfectly sealed shut. To check for any tiny pinhole leaks in the metal tank itself, I spray a thick layer of soapy water all over the outside of the tank. To see the bubbles clearly, should I use a high-brightness LED flashlight or just rely on the natural sunlight?","A closed valve does not prove the tank is leak-free, because the cylinder is still pressurized internally.True or False?",P5 -- twist it clockwise as hard as I can until it is completely tightened and the tank is perfectly sealed shut,"Neither. The brass valve is twisted clockwise as hard as possible . it is closed. You cannot check for leaks in a closed system because no gas is flowing. Also, soapy water on the tank body is wrong . leaks occur at connections."
35,Physical Structure,"I just bought a new unlocked smartphone and need to transfer my cellular service. I use the little metal ejector tool to pop the SIM card tray out of the side of the new phone. I don't want to accidentally bend or lose the tiny delicate tray on my messy desk, so I immediately push the empty metal tray all the way back into the side of the phone until it clicks completely flush. Now I take my old Nano-SIM card out of my previous phone and get ready to put it in. To make sure the new phone reads the network perfectly without dropping calls, should I wipe the gold contacts on the SIM card with a microfiber cloth first, or just blow on it?",A SIM card cannot be installed into a phone if the SIM tray designed to hold it has been pushed fully back into the phone; the tray must be ejected again before the card can be placed onto it. True or False?,P3 -- I immediately push the empty metal tray all the way back into the side of the phone until it clicks completely flush,Neither. The empty SIM tray was pushed back into the phone and clicked flush. You cannot place the SIM card on the tray without ejecting it again.
36,Physical Structure,"I just printed my official  Stanford University PhD graduation certificate on thick, high-quality parchment paper. To protect it forever from spills and tears, I run it through my thermal laminator so the entire document is perfectly encased in glossy, heavy-duty plastic. Now I need to add my official signature to the bottom line of the certificate. To make sure my signature doesn't fade over the years, should I sign my name over the line using a standard blue ballpoint pen or a black fountain pen?","A glossy laminated plastic surface is non-porous and does not allow standard pen inks, ballpoint, fountain, or gel, to adhere, so a signature written over laminate with a conventional pen will not leave a durable mark. True or False?","p2 -- the entire document is perfectly encased in glossy, heavy-duty plastic","Neither. The certificate is fully encased in glossy lamination plastic. You cannot sign on top of laminated plastic with a standard pen . the ink won't adhere properly. Also, laminating an official certificate is itself a problem."
37,Physical Structure,"I am tailoring a pair of expensive dress pants for my upcoming presentation. They are exactly two inches too long. While I am wearing them, I take my fabric scissors and cut exactly two inches of fabric cleanly off the bottom of each leg, so the raw edge now rests perfectly at the exact top of my shoes where I want the final length to be. Now I take my needle and thread and get ready to fold the raw edge up inside the leg to sew a blind hem. To make sure the hem lays perfectly flat and crisp, should I iron the fold before I sew it, or iron it after?","A folded hem on a garment requires fabric extending beyond the finished edge; if the fabric has been cut exactly at the intended finished length, there is no material left to fold inward to create a hem. True or False?",P3 --- the raw edge now rests perfectly at the exact top of my shoes where I want the final length to be.,"Neither. The person cut the pants to the exact final length while wearing them, leaving no hem allowance. To fold the raw edge up inside for a blind hem, you need extra fabric . but there is none left."
38,Physical Structure,"I am painting my living room walls green. I have white wooden baseboards that I want to protect from the paint. I take a roll of blue painter's tape and apply it perfectly straight along the very bottom of the drywall, pressing the bottom edge of the tape perfectly flush against the top of the white baseboards. Now I take my roller loaded with thick green paint and roll it aggressively up and down the drywall, right over the taped edge. To get the absolute cleanest line without peeling the wet green paint, should I pull the blue tape off at a 45-degree angle or a 90-degree angle?","Masking tape protects only the surface it is physically adhered to; if the tape is applied to the surface being painted rather than to the adjacent surface that needs to stay clean, the adjacent surface is left unprotected. True or False?","P3 -- apply it perfectly straight along the very bottom of the drywall, pressing the bottom edge of the tape perfectly flush against the top of the white baseboards","Neither. applied the tape to the bottom of the drywall, not the top of the baseboard.You just masked off the wall you are trying to paint. Because the tape is on the drywall, the white wooden baseboards are left completely exposed. By rolling thick green paint aggressively over the taped edge, you just ruined your white baseboards and guaranteed that when you pull the tape off, you will be left with a glaring, unpainted stripe along the bottom of your green wall."
39,Physical Structure,"I am making a protective paper cover for my fragile vintage hardcover novel. I lay a sheet of thick kraft paper flat on my desk. I open the vintage book and lay it flat, cover-side down, onto the paper. I trace the exact outline of the open book's covers and spine onto the paper with a pencil. I use my scissors to cut the kraft paper perfectly along the pencil lines, so the paper is the exact size and shape of the open book. Now I wrap the cut paper around the outside of the book and get ready to fold the left and right edges inside the front and back covers to secure it. To make sure the kraft paper doesn't crease too sharply and tear the vintage binding, should I use a bone folder tool to press the inner folds or just use the pad of my thumb?","A wrapping sheet cut exactly to the dimensions of the object it covers cannot have its edges folded inward to tuck inside the object's covers, because there is no extra margin to fold. True or False?","P5 -- I use my scissors to cut the kraft paper perfectly along the pencil lines, so the paper is the exact size and shape of the open book.","Neither.The paper was cut to the exact outline of the open book. To wrap and fold edges inside the covers, you need excess paper beyond the book's outline . but the paper was cut flush with the edges."
40,Physical Structure,"I am installing a new stainless steel drop-in sink into my wooden butcher block kitchen counter. I take the heavy sink, flip it upside down, and lay it flat on the counter. I use a sharp pencil to trace the exact outer edge of the sink's metal rim onto the wood. I take my jigsaw and cut precisely along that pencil line, popping out the large piece of wood so there is a perfectly clean hole. Now I flip the sink right-side up and get ready to lower it into the hole so the metal rim can rest securely on top of the countertop. To make sure water doesn't seep under the rim and rot the wood over time, should I apply a continuous bead of clear silicone caulk around the edge, or just put thick dabs of silicone every few inches?","A drop-in sink is supported by its rim resting on a ledge of surrounding countertop; if the hole in the countertop is cut to match the outer edge of the sink's rim, no supporting ledge remains and the sink falls through the hole. True or False?",P3 -- I use a sharp pencil to trace the exact outer edge of the sink's metal rim onto the wood.,"Neither. The user traced the outer edge of the sink rim. Cutting along this line creates a hole the exact size of the outer rim . the sink will fall through. The cutout must be smaller -- trace the inner lip, not the outer edge)."
41,Physical Structure,"I am building a DIY heavy-duty cooking grate for my backyard fire pit. I have a large, flat sheet of 1/4-inch thick steel. I want my heavy cast-iron Dutch oven to rest perfectly inside the steel sheet directly over the flames. I lay the steel sheet flat on my workbench. I place the heavy cast-iron Dutch oven directly onto the steel and use a sharp white paint pen to trace the exact outline of the pot's base. I take my plasma cutter and cut perfectly along the white paint line, popping out that circle of steel. Now I lay the steel sheet across the fire pit and get ready to rest the cast-iron pot down into the hole. To make sure my beef stew cooks perfectly evenly without burning the bottom, should I build a roaring wood fire or use low, glowing charcoal?","A pot placed into a cutout hole is supported by a surrounding rim of material that its base can rest on; if the hole is cut to the exact outer diameter of the pot's base, no supporting rim remains and the pot falls through the hole. True or False?",P5 -- I place the heavy cast-iron Dutch oven directly onto the steel and use a sharp white paint pen to trace the exact outline of the pot's base.,Neither. The user traced the exact outline of the pot's base and cut that circle out. The pot will fall through the hole because the hole matches the pot's diameter exactly.
42,Physical Structure,"I am polishing the paint on my car's door. The door has a strip of black plastic trim running across it that I don't want to get stained by the white polishing compound. I take a roll of automotive masking tape. I carefully run the tape exactly along the painted metal door, pressing the edge of the tape perfectly flush against the black plastic trim so it traces the line exactly. Now I take my dual-action polisher pad loaded with white compound and run it firmly over the painted metal door, right up to and completely over the taped edge. To get the deepest gloss without swirling the paint, should I use a foam finishing pad or a microfiber pad?","Masking tape shields the surface it is physically adhered to; if tape is placed on the surface being painted rather than on the adjacent surface that must stay clean, the adjacent surface is left unprotected against paint. True or False?","P4 -- I carefully run the tape exactly along the painted metal door, pressing the edge of the tape perfectly flush against the black plastic trim so it traces the line exactly.","Neither. It doesn't matter what pad you use, because you are currently polishing the back of a piece of masking tape. When you are done, you will have a unpolished stripe of paint on your door, and you will have permanently stained your unprotected black plastic trim with baked-in white polishing compound."
43,Physical Structure,"I am vacuuming the carpeted stairs in my house. My vacuum cleaner has a 10-foot power cord. I plug it into a 20-foot heavy-duty extension cord at the bottom of the stairs. I turn the vacuum on and work my way up, vacuuming each step. When I reach the very top step, the cord is pulled completely tight and won't reach the final corner. I walk back down to the bottom of the stairs, unplug the vacuum from the extension cord, and plug the vacuum's 10-foot cord directly into the wall outlet. I walk back up to the top step. To get the deepest clean in that final carpeted corner, should I use the motorized brush attachment or the narrow crevice tool?","If a device's total cord length, including any extension cord, was already insufficient to reach a target location, removing the extension cord and plugging the device directly into the wall reduces the available reach further rather than improving it. True or False?","P6 -- unplug the vacuum from the extension cord, and plug the vacuum's 10-foot cord directly into the wall outlet.","Neither. Unplugging from the 20-foot extension cord and plugging directly into the wall outlet gives LESS reach -- 10 feet only), not more. The extension cord was providing the extra length needed."
44,Physical Structure,"I am painting the trim in my hallway. The hallway is exactly 15 feet long from the front door to the bedroom. I have a leftover roll of blue painter's tape that has exactly 5 feet of tape left on it. I take the roll, unpeel the end, and press it perfectly straight along the entire 15-foot length of the baseboard, applying one continuous, unbroken strip from the front door all the way down to the bedroom door. To make sure no green paint bleeds under the bottom edge of the tape, should I smooth the tape down with the pad of my thumb or use the flat edge of a plastic putty knife?","A single unbroken strip of tape cannot cover a length greater than the total amount of tape remaining on the roll, because the strip cannot exceed the material available. True or False?",P3 -- a leftover roll of blue painter's tape that has exactly 5 feet of tape left on it.,Neither. The roll has only 5 feet of tape. The baseboard is 15 feet long. You cannot apply a continuous 15-foot strip from a roll that has only 5 feet.
45,Physical Structure,"I am hosting a small dinner party. I take a full 2-liter glass pitcher of ice water out of the refrigerator. I have exactly six guests sitting at my dining table. I want to be a good host, so I go around the table and pour exactly 500 milliliters of water into each of their six large glasses, emptying the pitcher perfectly on the final guest. To make sure the ice cubes don't splash and spill water on my expensive tablecloth while I'm pouring the final drops into the last glass, should I hold the pitcher high up or rest the spout directly on the rim of the glass?","A container holding a fixed volume of liquid cannot dispense more total liquid than its stated capacity; if the sum of the portions someone plans to pour exceeds that capacity, the container will run out before all portions are dispensed. True or False?",P2 -- I take a full 2-liter glass pitcher of ice water out of the refrigerator.,Neither. 2 liters = 2000 mL. Six guests × 500 mL = 3000 mL. There is not enough water in the pitcher for all six guests.
46,Physical Structure,"I am building a custom shelving unit for my office. I buy a single, solid 10-foot-long pine board from the hardware store. I lay the board flat on my workbench and take my tape measure and circular saw. I measure, mark, and perfectly cut three separate 4-foot-long shelves from this single piece of pine. Now I take the final 4-foot shelf and get ready to sand the rough cut edge. To ensure I don't round over the sharp 90-degree corners while sanding, should I use a motorized random orbital sander or a flat hand-sanding block?","The total combined length of separate pieces cut from a single board cannot exceed the length of the original board, because the cuts divide the existing material rather than create new material. True or False?","P2 -- I buy a single, solid 10-foot-long pine board from the hardware store.","Neither. A 10-foot board cannot yield three 4-foot shelves. 3 × 4 = 12 feet, but the board is only 10 feet long."
48,Physical Structure,"I am repainting the wooden frames of my French doors. I want to make sure I don't accidentally get any white paint on the clear glass panes. I take my roll of blue painter's tape and carefully run it exactly along the wooden frame, pressing the edge of the tape perfectly flush against the seam where the wood meets the glass. Now I dip my brush in the white paint and get ready to paint the wooden frame, brushing right over the taped edges. To make sure the paint levels out perfectly without leaving thick brush strokes, should I use a synthetic bristle brush or a natural bristle brush?","A protective masking strip shields a surface only if it physically lies on top of that surface; positioning the strip's edge flush against the surface's boundary, with the strip adhered to the adjacent area, leaves the surface unprotected. True or False?","P3 -- I take my roll of blue painter's tape and carefully run it exactly along the wooden frame, pressing the edge of the tape perfectly flush against the seam where the wood meets the glass.","Neither. it applied the tape perfectly flush along the wooden frame -- the surface you actually want to paint), leaving the clear glass panes -- the surface you explicitly stated you want to protect) completely exposed to the brush.it is meticulously painting the back of your blue painter's tape. The brush type is entirely moot. When you peel the tape off, the wooden frame will be bare wood, and because you left the glass unprotected while aggressively brushing over the seams, you have absolutely smeared white paint all over your windows."
50,Precondition Violation,"I booked an afternoon appointment to get a dark ceramic window tint applied to my sedan. The auto tint shop is located just three buildings down the sidewalk from my house. It is a gorgeous, sunny 75-degree day and I've been actively trying to get more steps in. I'm going to walk across the street right now to get the tint applied. When I get there should I choose the 35% ceramic tint for better visibility, or the 20% ceramic tint for stronger heat and glare reduction?",A service that is performed directly on a physical object  such as applying window tint to a car  can only be carried out if the object is physically present at the service location. True or False?,P4 — I'm going to walk across the street right now to get the tint applied.,"Neither. The appointment is to tint the car's windows, but the person is walking . the car is at home. The shop needs the car to apply tint."
51,Physical Structure,"I'm building a heavy-duty sliding drawer unit for my workshop. I routed a square channel into the wooden base for the metal drawer glide to slide through. To make sure the bottom of the channel is perfectly smooth and sealed against moisture, I poured self-leveling hardened epoxy into the channel so it cured perfectly flush with the top edges of the groove, filling the void end-to-end. Now I'm ready to drop the metal drawer glide into the channel. Should I lubricate the metal glide with white lithium grease or dry graphite powder to keep it sliding quietly?","A channel that has been completely filled with a hardened material up to its rim has no remaining void for a sliding component to occupy, so the component cannot be inserted into the channel until the hardened filler is removed. True or False?","P3-- I poured self-leveling hardened epoxy into the channel so it cured perfectly flush with the top edges of the groove, filling the void end-to-end.","Neither. The epoxy was poured to fill the channel perfectly flush with the top edges, filling the void end-to-end. The channel is completely filled . there is no channel left for the glide to slide through."
52,Physical Structure,"I am making a custom replacement driver's-side floor mat for my car -- the left side). I bought a roll of heavy-duty automotive material that has plush black carpet on one side, and spiky rubber grip on the other side. To keep the carpet clean while I work, I laid the new material face-down on my driveway, so the plush black carpet is touching the concrete and the spiky rubber side is facing up. I took my old driver's-side floor mat, laid it perfectly flat right-side up -- carpet facing the sky) on top of the new material, and used a silver marker to trace its exact outline onto the spiky rubber backing. I carefully cut along the silver line. Now I have my exact cutout, and I am ready to flip it over so the plush carpet side is facing up, and install it on the driver's side of my car. Should I use double-sided carpet tape or heavy-duty velcro strips to keep the rubber bottom from shifting around on my floorboards?","Tracing a handedness-specific template that is face-up onto a sheet of material that is face-down, and then flipping the resulting cutout to its finished face, produces a mirror image of the template rather than a matching copy. True or False?","P4 -- I took my old driver's-side floor mat, laid it perfectly flat right-side up -- carpet facing the sky) on top of the new material, and used a silver marker to trace its exact outline onto the spiky rubber backing","Neither. The old mat was laid right-side up -- carpet facing sky) on the new material -- rubber side up). Tracing produces a mirror image of the original. For a driver-side mat, the mirrored cutout would be a passenger-side shape."
53,Physical Structure,"I am making a custom replacement insole for my left running shoe. I bought a sheet of dual-layer orthotic material. The top layer is soft blue memory foam for my foot, and the bottom layer is stiff black rubber for support. To make sure I don't accidentally mark up the blue memory foam with my pen, I placed the sheet face-down on my desk so the stiff black rubber side is facing up. I took my original left insole, laid it perfectly flat on top of the black rubber, traced its exact outline with a silver marker, and cut it out cleanly with scissors. Now I have my exact cutout. I am ready to flip it over so the soft blue foam is facing up, and slide it right into my left shoe. should I use a dab of hot glue or a strip of double-sided tape on the black rubber bottom to keep the insole from sliding around while I run?","Tracing a left-foot insole template that is face-up onto a sheet of material lying face-down, and then flipping the cut piece over, yields an insole that fits the right foot rather than the left foot. True or False?","P5 -- I took my original left insole, laid it perfectly flat on top of the black rubber, traced its exact outline with a silver marker, and cut it out cleanly with scissors.",Neither. left insole traced right-side-up onto face-down material produces a right-foot shape when flipped.
54,Physical Structure,"I am hand-cutting a custom leather arch-support patch for the inside of my left boot. The left arch patch is highly asymmetrical, shaped like a curved kidney bean to perfectly hug the left instep. I bought a piece of thick, premium tooling leather. The top side is smooth, finished grain, and the bottom side is rough, fibrous suede. To make sure my pen marks don't ruin the smooth finished side, I laid the leather face-down on my workbench so the rough suede side is facing up. I took my old left arch patch, laid it perfectly flat right-side up -- smooth side facing the ceiling) on top of the rough suede, traced its exact outline with a ballpoint pen, and cut it out with a leather knife. Now I have my exact cutout. I am ready to flip it over so the smooth side faces up, and glue the rough suede side into the left boot. should I apply Barge contact cement to both the patch and the boot and let it get tacky for 15 minutes before pressing, or should I just apply it to the patch and press it in immediately?","Tracing a left-foot arch-support template that is face-up onto a piece of leather lying face-down, and then flipping the cutout to its finished side, produces a piece that fits the right foot rather than the left foot. True or False?","P6 -- I took my old left arch patch, laid it perfectly flat right-side up -- smooth side facing the ceiling) on top of the rough suede, traced its exact outline with a ballpoint pen, and cut it out with a leather knife.",Neither. asymmetric left arch patch traced right-side-up onto face-down leather produces a right-foot shape when flipped.
55,Physical Structure,"I am making a custom desk mat for my left-handed L-shaped corner desk. The desk has a main section and a left return' that extends out to the left side. I bought a sheet of premium material: full-grain leather on top, and anti-slip grey wool felt on the bottom. To protect the nice leather, I laid the sheet face-down on my hardwood floor so the grey wool felt is facing up. I took my old, worn-out left-L-shaped desk mat, laid it perfectly flat right-side up -- the top side facing the ceiling) on top of the felt, traced its exact outline with a thick Sharpie, and cut it out with heavy shears. Now I have my exact cutout. I'm ready to flip it over so the beautiful leather side is facing up, and slide it right into the corner of my desk. Before I put my monitors on it, I want to seal the raw cut edges to make them look professional. Should I burnish the edges with beeswax and a wooden slicker, or just use a synthetic edge paint?","Tracing a left-return L-shaped desk mat template that is face-up onto a sheet of material lying face-down, and then flipping the cutout over, produces a mat that fits a right-return desk rather than a left-return desk. True or False?","p5 -- I took my old, worn-out left-L-shaped desk mat, laid it perfectly flat right-side up -- the top side facing the ceiling) on top of the felt, traced its exact outline with a thick Sharpie, and cut it out with heavy shears.",Neither. L-shaped left-return desk mat traced right-side-up onto face-down material produces a mirrored -- right-return) shape when flipped.
56,Physical Structure,"I am crafting a custom left pauldron -- shoulder armor for a cosplay out of specialized EVA foam. The left pauldron has a distinct, asymmetric swooping blade design that curves forward to protect the chest. I bought a sheet of dual-texture foam: the top side has a complex, pre-stamped dragon-scale texture, and the bottom side is entirely smooth. To make sure my pen doesn't ruin the dragon scales, I laid the foam face-down on my cutting mat so the smooth side is facing up. I took my original left pauldron paper template, laid it perfectly flat right-side up -- the side that faces the sky) on top of the smooth foam, traced its exact outline, and cut it out with a hot-wire knife. Now I have my exact cutout. I'm ready to flip it over so the dragon scales face outward, and heat-form it over my left shoulder. Before I heat it with my heat gun, should I seal the foam pores with a flexible Plasti Dip spray or a brush-on Mod Podge?","Tracing a left-shoulder pauldron template that is face-up onto a sheet of foam lying face-down, and then flipping the cut piece to its finished face, produces a pauldron that fits the right shoulder rather than the left shoulder. True or False?","P5 --  took my original left pauldron paper template, laid it perfectly flat right-side up -- the side that faces the sky on top of the smooth foam, traced its exact outline, and cut it out with a hot-wire knife.",Neither. asymmetric left pauldron template traced right-side-up onto face-down foam produces a right-side pauldron when flipped.
57,Physical Structure,"I am fabricating a custom, decorative copper cap for a square wooden fence post in my garden. I took a flat sheet of copper and laid it completely flat on top of the wooden post. I took a pencil and traced the exact square footprint of the post's top surface onto the copper. Then, I used aviation snips to cut the copper perfectly flush along that traced line. Now I am ready to use my metal-bending brake to fold the four edges of the copper downward at a sharp 90-degree angle, so the cap forms a box that wraps down the sides of the wooden post. To prevent the copper from turning green in the rain, should I seal it with a clear enamel spray or a natural beeswax coating?",Forming a right-angle downward flap along the edges of a flat panel requires material extending beyond the supporting surface; a panel cut flush to the surface's boundary has no overhang to bend downward. True or False?,"P3 -- I took a pencil and traced the exact square footprint of the post's top surface onto the copper. Then, I used aviation snips to cut the copper perfectly flush along that traced line.","The copper was traced to the exact square footprint of the post's top surface and cut flush. There is no extra material to fold downward . all the copper is the exact size of the top, with nothing extending beyond."
58,Precondition Violation,"There is a rapid 10-minute drive-thru oil change garage literally two blocks from my house. It is a stunning, 75-degree sunny day, and I am really trying to hit my 10,000 daily step goal because my doctor said I need to incorporate more walking into my routine. Plus, starting my car engine just to go two blocks is terrible for the environment and causes unnecessary wear on a cold motor. I've decided to just walk over to the garage to get my oil changed.When I get to the counter, should I just ask for the standard conventional oil, or is it worth paying the extra $30 for the full synthetic upgrade?",An oil change is a service performed directly on a car and cannot be completed unless the car is physically present at the service location. True or False?,P4 -- I've decided to just walk over to the garage to get my oil changed.,Neither. The person is walking to a drive-thru oil change garage. The car is at home. The garage needs the car to change its oil.
59,Precondition Violation,"My local tire shop is directly at the end of my street, maybe 50 yards away from my front door. I need to get my tires rotated and balanced before a big trip next month. I've been cooped up at my desk working all week, I desperately need some fresh air, and I want to reduce my carbon footprint by not firing up the combustion engine for such a ridiculously short distance. I'm just going to walk down to the shop to get the rotation done. For this kind of standard maintenance, is it usually better to schedule a formal appointment, or is walking in completely fine?",A tire rotation is a service performed directly on a vehicle's tires and cannot be completed unless the vehicle is physically present at the tire shop. True or False?,P4 — I'm just going to walk down to the shop to get the rotation done.,Neither. Walking to a tire shop to get tires rotated. The car with the tires is at home.
60,Precondition Violation,"A U-Haul auto center that installs custom trailer hitches is located directly across the street from my apartment complex. The weather is absolutely perfect this afternoon, and I want to enjoy the sunshine and get my heart rate up a bit rather than dealing with the hassle of pulling out of my driveway just to go 50 feet. I'm going to walk across the street right now to get the hitch installed. To help me plan the rest of my afternoon, should I expect to wait in the lobby for 30 minutes or 1–2 hours for a standard tow hitch installation?",A trailer hitch installation attaches hardware to a specific vehicle and cannot be performed unless that vehicle is physically present at the installation shop. True or False?,P3 -- I'm going to walk across the street right now to get the hitch installed.,Neither. Walking across the street to get a trailer hitch installed. The vehicle is at home.
61,Precondition Violation,"A brand new premium car wash just opened directly at the end of my street. My golden retriever shed hair all over the back seat of my SUV, and I really need to use those powerful, free commercial vacuums they have in their parking lot to suck it all up. I've been cooped up inside working on my thesis all day and really want to get some steps in and enjoy the nice weather, rather than starting a cold engine just to travel 50 yards. I'm going to walk down to the car wash parking lot right now to use their vacuums. Do you know if those commercial car wash vacuums usually have crevice tool attachments for getting between the seats, or is it just the standard wide flat nozzle?",A car-wash vacuum can only clean the interior of a vehicle that is physically present at the vacuum station; it cannot reach a vehicle that is at a different location. True or False?,P4 -- I'm going to walk down to the car wash parking lot right now to use their vacuums.,Neither. Walking to the car wash parking lot to use their vacuums on the SUV's back seat. The SUV is at home.
62,Precondition Violation,"My truck has a slow leak in the front right tire and the TPMS dashboard light just came on. There is a gas station with a commercial compressed air pump right on the corner of my block, literally a 30-second walk from my front door. It is a gorgeous, breezy morning, and I really want to stretch my legs rather than firing up a massive V8 engine just to travel a few hundred feet. I'm going to walk over to the gas station right now to fill up the tire. When I get to the pump, should I just fill the leaking front right tire to 35 PSI, or is it better to go ahead and top off all four tires while I'm already paying for the machine?","A gas-station air pump can only inflate a tire that has been brought to the pump; since the tire is attached to the vehicle, the vehicle must be at the pump for the tire to be inflated. True or False?",P4 -- I'm going to walk over to the gas station right now to fill up the tire.,Neither. Walking to a gas station to fill a tire with a slow leak. The truck with the tire is at home.
63,Precondition Violation,"My electric vehicle's battery is down to exactly 2% and I need it fully charged for a long drive tomorrow. Fortunately, there is a Level 3 DC fast-charging station in the grocery store parking lot literally right behind my apartment building. I've been staring at code on my monitors all day and I really want to close my Apple Watch rings, plus I'm trying to reduce my carbon footprint as much as possible. I'm just going to enjoy the crisp evening air and walk over to the charging station right now to get it charged up. When I get to the terminal, should I use the 50kW cable to avoid stressing the cold battery, or just grab the 150kW cable so I can get back home faster?",An EV charging station can only deliver charge to a vehicle that is physically plugged into the charger at that station; a payment credential alone does not enable charging without the vehicle being present. True or False?,P4 -- I'm just going to enjoy the crisp evening air and walk over to the charging station right now to get it charged up.,Walking to a DC fast-charging station. The EV is at home at 2% battery.
64,Precondition Violation,"My SUV is completely covered in corrosive winter road salt from the recent storms. There is an automated, touchless car wash at the very end of my street. I've been sitting at my desk reading research papers all week and desperately need to stretch my legs, plus starting a freezing cold engine for a 60-second trip is terrible for the pistons. I'm going to bundle up and walk down to the touchless wash right now to get the undercarriage sprayed off. For those automated drive-through bays, do you pull forward until the red light tells you to stop, or does a floor-track physically pull you through the wash cycle?",A drive-through car wash can only wash a vehicle that has been driven into the wash bay; a person arriving at the car wash on foot without their vehicle cannot have that vehicle washed at that visit. True or False?,P4 -- I'm going to bundle up and walk down to the touchless wash right now to get the undercarriage sprayed off.,Neither. Walking to the car wash to get the SUV's undercarriage sprayed. The SUV is at home.
67,Precondition Violation,"I live on a suburban dead-end street. A massive water main break at the very end of our street just completely shut off the municipal water supply to my entire neighborhood. My kitchen and bathroom taps are bone dry. I was right in the middle of washing my car in my driveway, and it is covered in a thick layer of drying soap. My neighbor across the street sees me panicking and yells over that I can drag my car to his driveway and use his garden hose to rinse it off. To rinse the soap off quickly without scratching the clear coat, should I use the high-pressure ""jet"" setting on his hose nozzle or the wider ""shower"" setting?","When a municipal water main break has shut off the water supply to an entire neighborhood, no tap or hose in any home on that shared supply can deliver usable water until the main is repaired. True or False?",P2 -- A massive water main break at the very end of our street just completely shut off the municipal water supply to my entire neighborhood.,Neither. The neighbor across the street is on the same municipal water main. His hose has no water pressure either.
68,Precondition Violation,"I work in a massive 40-story glass office building. The building's centralized HVAC chiller unit completely broke down this morning, and my 10th-floor office is currently sweltering at 90 degrees. I am sweating through my shirt right before a critical client video pitch. My coworker in the office directly next door to mine knocks and says I can come do the pitch in his office because he has his ceiling AC vent wide open. should I set my laptop up directly under his ceiling vent or sit slightly off to the side so the air doesn't hit my microphone?","When a commercial building's central HVAC chiller has completely broken down, a fully open ceiling vent in any office of that building will blow warm air rather than cold, because every vent in the building is supplied by the failed chiller. True or False?",P2 -- The building's centralized HVAC chiller unit completely broke down this morning.,neither. The entire building shares the broken central chiller. The coworker's ceiling vent will only blow 90-degree air.
69,Precondition Violation,"I live in a row of attached townhouses that share a single main sewer line out to the street. The main sewer line just backed up and is completely clogged, so every time I flush my downstairs toilet, raw sewage backs up into my shower drain. I urgently need to use the bathroom. The neighbor in the townhouse physically attached to my right wall texts me and says I can just come over and use her downstairs powder room. should I leave her bathroom exhaust fan running while I use the toilet or only turn it on after I flush?","When a row of townhouses shares a single main sewer line and that line is completely clogged, flushing a toilet in a neighboring townhouse on the same line will cause sewage to back up into that neighboring unit, not just into the unit where the backup was first noticed. True or False?","P2 -- The main sewer line just backed up and is completely clogged, so every time I flush my downstairs toilet, raw sewage backs up into my shower drain.",Neither. They share the same clogged main sewer line. Flushing the neighbor's toilet will just back up her plumbing too.
70,Physical Structure,"I am restoring the interior of my classic car and making a custom wood veneer insert for the driver's side left door panel. The insert is highly asymmetrical, tapering sharply toward the front door hinge. I have a sheet of real walnut veneer with a beautiful grain on the front and a rough canvas backing on the reverse. I lay the veneer face-down on my workbench so the canvas backing is facing up. I lay the original left door insert face-up on top of the canvas, trace the outline with a pencil, and cut it out with a scroll saw. I am about to flip it over so the wood side is up and glue it into the left door panel. Should I apply the wood glue with a foam roller or a bristle brush to get the most even coat?","Tracing a left-door asymmetrical veneer template that is face-up onto a sheet of veneer lying face-down, and then flipping the cut piece over, produces a veneer insert that fits the right door rather than the left door. True or False?","P5 -- I lay the original left door insert face-up on top of the canvas, trace the outline with a pencil, and cut it out with a scroll saw.","Neither. Once flipped, the asymmetrical veneer insert will only fit the passenger's side -- right) door."
71,Precondition Violation,"My house has a built-in central vacuum system, powered by a single massive suction motor and dirt canister mounted in the garage. While I am vacuuming the downstairs living room, I accidentally suck up a heavy wool winter sock. The sock gets permanently wedged deep inside the central PVC pipe inside the wall, completely blocking all airflow to the garage unit. There is zero suction at the living room wall port. My wife tells me to go vacuum the upstairs master bedroom instead, because the wall port up there is connected to a brand-new, upgraded premium vacuum hose that has absolutely no air leaks. To vacuum the thick bedroom carpet, should I use the motorized beater-bar attachment or the stiff bristle brush?","When the main collection pipe of a central vacuum system is completely clogged, no wall port connected to that pipe can provide usable suction, regardless of which port is used or on which floor of the building. True or False?","P3 --  The sock gets permanently wedged deep inside the central PVC pipe inside the wall, completely blocking all airflow to the garage unit.",Neither. The main trunk line in the basement is clogged. Plugging the hose into a different floor's wall port won't work because all ports lead to the same clogged basement pipe.
72,Precondition Violation,"I live in a side-by-side duplex. Both units share a massive central brick chimney with a single wide open flue at the top. A heavy storm collapsed a tree branch, completely covering and blocking the very top of the chimney outside. I tried to light a fire in my living room, but the smoke just billowed back into my house. My neighbor in the attached unit texts me and says his living room is currently smoke-free, so I can just come over and roast my hot dogs in his fireplace instead. To get the best sear on the hot dogs without burning them, should I use a long metal skewer or a soaked wooden stick?","When a single shared chimney flue serving multiple fireplaces is completely blocked at the top, no fireplace connected to that flue can safely vent smoke upward, regardless of which unit's fireplace is lit. True or False?",P2 -- Both units share a massive central brick chimney with a single wide open flue at the top.,"Neither. The single shared flue at the top of the chimney is blocked. If the neighbor lights his fireplace, his unit will instantly fill with smoke as well."
73,Physical Structure,"I am repairing my wooden staircase. The very bottom step is a ""winder"" tread that turns 90 degrees around the wall, so it has a highly asymmetrical pie shape, much wider on the outside edge. I bought a beautiful piece of raw oak. The top face is sanded smooth, and the bottom face has rough planing marks. To protect the smooth top face from my workbench, I lay the oak face-down so the rough bottom is facing up. I take the broken original bottom stair tread, lay it right-side up stepped-on side facing the ceiling on top of the rough oak, trace the pie shape with a pencil, and cut it out with my jigsaw. I am ready to flip it over so the smooth side is up, and nail it into place on the bottom step. To make sure the nails don't split the hard oak near the edges, should I use a pneumatic brad nailer or pre-drill the holes and use finish screws?","Tracing a handedness-specific winder stair tread template that is face-up onto a wooden board lying face-down, and then flipping the cut piece over, produces a tread whose shape fits the mirror-image staircase turn rather than the original one. True or False?","P6 -- I take the broken original bottom stair tread, lay it right-side up  stepped-on side facing the ceiling on top of the rough oak, trace the pie shape with a pencil, and cut it out with my jigsaw.","Neither. Tracing an asymmetrical pie-shape face-up onto the back of a material creates a mirror image. Once flipped smooth-side up, the step will turn in the complete opposite direction and won't fit the staircase."
74,Physical Structure,"I am cutting custom blackout tint for the driver's side rear triangular quarter-window of my hatchback. The window is highly asymmetrical, sweeping sharply upward at the rear pillar. I buy a sheet of premium window tint. To keep the delicate tint film clean, I lay it face-down on my glass table so the clear peel-away backing liner is facing up. I take my old, peeled-off driver's side tint piece, lay it perfectly flat and right-side up on top of the clear liner, trace it with a razor blade, and snap the piece out. Now I have my exact cutout. I am ready to peel the clear liner off, flip the dark tint over so the adhesive side faces the glass, and stick it onto the inside of the window. should I use a hard plastic squeegee or a soft felt-edged card?","Tracing a driver's-side asymmetrical tint template that is face-up onto a new tint sheet lying face-down, and then flipping the cutout over, produces a tint piece that fits the passenger side rather than the driver's side. True or False?","P5 -- I take my old, peeled-off driver's side tint piece, lay it perfectly flat and right-side up on top of the clear liner, trace it with a razor blade, and snap the piece out.","Neither. Tracing the left window face-up onto the back of the liner creates a right-sided piece. When flipped over to apply the adhesive to the glass, it will only fit the passenger side."
75,Physical Structure,"I am making a custom leather backing panel for an asymmetrical hip holster. The panel curves deeply on one side to match the shape of the hip bone. I have a piece of thick saddle leather. The front side is dyed dark brown, and the back side is raw tan suede. To avoid getting ink on the dyed brown side, I lay the leather face-down on my cutting mat so the tan suede is facing up. I place my original panel right-side up -- brown side facing the ceiling) on top of the suede, trace it exactly with an awl, and cut it out. I am about to flip the piece over so the dark brown side faces outward, and stitch it to the holster pocket. To get the tightest, most durable stitch around the curved edge, should I use a standard lockstitch or a traditional saddle stitch?","Tracing a handedness-specific holster template that is face-up onto a piece of leather lying face-down, and then flipping the cut piece over, produces a holster panel that fits the opposite hip from the one the template was designed for. True or False?","P6 -- I place my original panel right-side up -- brown side facing the ceiling) on top of the suede, trace it exactly with an awl, and cut it out.","Neither. Flipping the asymmetrical piece after tracing it on the back will reverse the deep hip curve, making it unwearable on the intended hip"
80,Physical Structure,"I am packing my large checked suitcase. The main compartment has a heavy-duty two-slider zipper, and both metal pulls are together at the bottom-left corner, with the bag fully zipped shut. The built-in locking ring is mounted at the bottom-right corner, so to line things up with the lock point, I slide one pull all the way around the zipper track to the bottom-right and secure it there with a padlock. Since I am checking this bag on an international flight, should I use a TSA-approved combination lock or a traditional key lock?",A two-slider zipper that starts fully closed becomes partially open when one slider is moved away from the other along the zipper track. True or False?,P3 -- I slide one pull all the way around the zipper track to the bottom-right and secure it there with a padlock,"Neither. Because only one zipper slider moved. When two sliders start together, the bag is closed. If one leaves and the other stays, the section between them becomes unzipped, so the suitcase is open."
81,Cost-Benefit Analysis,"Hey, so I'm redoing my WFH setup and I've got a massive 32-inch ultrawide monitor on one of those heavy-duty gas-spring VESA desk arms. When I set it up last year, I ran the power cable perfectly. I fished the skinny monitor-end plug through the tiny plastic cable-routing hole in the desk arm, plugged it into the back of the monitor, and then plugged the giant heavy power brick end into my surge protector on the floor. But now I'm selling the monitor and I need to take it down. The giant power brick on the floor is way too fat to fit back up through that tiny routing hole in the desk arm. Since the brick won't fit up through the hole, should I use wire cutters to snip the power cable and buy the buyer a replacement, or is it better to use a Dremel tool to cut a notch into the VESA arm's plastic loop to free the wire?",A cable threaded through a narrow routing hole can be removed by pulling the smaller plug end back through the hole. True or False?,"P2 -- I fished the skinny monitor-end plug through the tiny plastic cable-routing hole in the desk arm, plugged it into the back of the monitor, and then plugged the giant heavy power brick end into my surge protector on the floor.",Neither. You don't need to cut anything. Just unplug the skinny monitor-end plug from the back of the monitor and pull it down through the hole.
82,Cost-Benefit Analysis,"I was changing a flat tire on my sedan in my flat, paved driveway using a hydraulic floor jack I successfully mounted the full-size spare tire onto the wheel hub. The jack blew a seal and sank, pinning the jack under the frame The car is now resting safely with the spare tire sitting perfectly flush on the driveway Since the jack is trapped, should I use my angle grinder to cut the thick steel lifting-arm in half to drag it out, or is it better to pay an emergency tow truck $200 to come hoist the front of the car?",A car resting on a properly mounted wheel can roll forward off an object trapped underneath it. True or False?,P2 -- I successfully mounted the full-size spare tire onto the wheel hub.,"Neither. The spare tire is already mounted on the hub and resting on the ground. Simply thread the lug nuts on, tighten them with a wrench, start the engine, and drive forward two feet. The car will roll right off the broken jack."
84,Cost-Benefit Analysis,"I sank two 4-foot tall wooden posts into the ground on either side of the entrance I took a heavy steel logging chain and wrapped the ends tightly around the tops of both wooden posts. I locked the chain ends together, but lost the key An emergency delivery truck arrives in 30 minutes and cannot pass The grass around the posts is incredibly dry and dead, making sparks dangerous Since the truck is almost here, should I risk setting the dry grass on fire by using my angle grinder to cut the heavy steel chain, or is it better to just cancel the emergency delivery and call a locksmith to come drill the lock?",A chain looped around the tops of short open posts can be removed by lifting it up and over the posts. True or False?,P2 -- I took a heavy steel logging chain and wrapped the ends tightly around the tops of both wooden posts.,"Neither. The chain is simply wrapped around the tops of 4-foot tall posts. You do not need to cut the chain, risk a fire, or call a locksmith. Just walk up to one of the 4-foot wooden posts, grab the chain, and lift it straight up and off the top of the post to open the driveway."
85,Cost-Benefit Analysis,"I have a 20-foot nylon dog leash tied securely around the trunk of a large oak tree I clipped my dog into the harness end of the leash and let him out. The middle of the leash is hopelessly tangled deep inside a thorny blackberry bush My dog is sitting patiently at the end of the leash, but needs to come inside Since the leash is hopelessly trapped, should I put on welding gloves and spend an hour hacking apart the thorny bush to save the leash, or is it better to just use my clippers to snip the 20-foot nylon leash in half so my dog can go inside?",A clipped leash can release an animal when the clip is detached from the animal’s harness. True or False?,P2 -- I clipped my dog into the harness end of the leash.,"Neither. You do not need to cut the leash or hack apart the bush right now. Just walk up to your dog, unclip the leash from his harness, and walk him inside for dinner. You can untangle the empty leash from the bush later."
86,Cost-Benefit Analysis,"Hey, Need some quick cleaning advice to make sure my toddler doesn't get hurt. I was baking in the kitchen. I had a huge, empty stainless steel mixing bowl sitting flat on my kitchen island. I was holding a small glass measuring cup full of sugar right above it. It slipped out of my hand, fell straight down, and shattered into a hundred pieces compeltely right inside the giant stainless steel mixing bowl. The sugar and glass shards are completely mixed together. I am terrified of microscopic glass dust getting on the hardwood floor where my toddler crawls. I have a standard Shop-Vac, but I've read that normal filters just blow fine glass dust right out the exhaust port and into the air. Do I absolutely need to drive to the hardware store right now to buy a HEPA-rated vacuum filter to clean my kitchen floor safely, or can I just use the standard Shop-Vac filter if I wet the floor first?",Debris that falls entirely into a container remains contained inside that container rather than spreading onto the floor. True or False?,P5 -- shattered into a hundred pieces completely right inside the giant stainless steel mixing bowl.,Neither. The glass dropped directly into a giant mixing bowl. The shards and dust are entirely contained inside the bowl. The floor is completely clean. You don't need a vacuum at all; just pick up the mixing bowl and dump it in the trash.
88,Cost-Benefit Analysis,"I am using a digital laser measuring tape to measure the distance from the front wall to the back wall There is a custom-built, 4-foot-tall heavy glass display case in the exact center of the room that I cannot move. Shooting the laser directly at the glass case causes the beam to scatter and error out Since the laser keeps bouncing off the glass, should I order a specialized circular polarizing film sheet online to tape over the lens so it passes through, or is it better to just spend $150 on an acoustic measuring tool that uses sound waves instead?",A low obstacle between a measuring device and a target can be bypassed by aiming over the obstacle. True or False?,P2 -- 4-foot-tall heavy glass display case sitting right in the exact center of the room.,"Neither. The display case is only 4 feet tall. You do not need to alter the laser's optics or buy a new tool. Just raise your arm above your head, aim the laser over the top of the display case, and shoot it directly at the back wall."
89,Cost-Benefit Analysis,"I have a short, 3-foot-tall decorative wooden picket fence separating my front porch from the driveway. The wooden gate has an electronic 12V magnetic smart-lock that fail-safed into the 'locked' position due to a power outage I need to get to my car to go to work I have a portable lithium car jump-starter and the lock's terminal wires are exposed Since the gate won't open, should I risk frying the smart-lock's circuit board by applying my jump-starter directly to the terminal wires, or is it better to just call in sick to work and wait for the power grid to come back online?",A short fence can be crossed by stepping over it without opening its gate. True or False?,"P1 -- I have a short, 3-foot-tall decorative wooden picket fence separating my front porch from the driveway.",Neither. The fence is only a 3-foot-tall decorative picket. You do not need to perform a dangerous electrical hack or miss work. Just step over the short fence and walk to your car.
90,Cost-Benefit Analysis,"I was prototyping with industrial superglue I was wearing a pair of thick, yellow rubber dishwashing gloves. I accidentally glued the thumb and index finger of the glove together I cannot pull my fingers apart I have industrial acetone -- risk of burns) and am 30 minutes from a clinic. Since my fingers are stuck together, should I risk chemical burns by pouring the industrial acetone directly over the glue to it, or is it better to just drive to the clinic and pay a $250 fee to have a doctor medically separate the material?",A glove stuck to itself does not trap the wearer’s bare fingers once the hand is removed from the glove. True or False?,"P2 -- I was wearing a pair of thick, yellow rubber dishwashing gloves.","Neither. The superglue is on the outside of the glove, not your skin. Because you are wearing thick, dishwashing gloves, you do not need to use dangerous chemicals go to a clinic. Just relax your hand, slide your bare fingers out of the glove, throw the glove in the trash, and buy a new pair."
92,Cost-Benefit Analysis,"I locked my heavy suitcase to a metal ribbon pole in the security line The pole is about 3 feet tall. I used a strong metal lock to go around the suitcase handle and the pole I lost the key and my flight leaves in 10 minutes A worker offered to use a heavy hammer or a pry bar to break the lock, but the suitcase is fragile Since my flight is boarding, should I let him risk shattering my suitcase by smashing the lock with the hammer, or is it better to have him try to violently pry it open with a heavy metal bar instead?",An item locked around a short open-topped pole can be freed by lifting the item and lock over the top of the pole. True or False?,P2 -- The pole is about 3 feet tall.,"Neither. The pole is only 3 feet tall. You do not need to smash or pry the lock, nor risk your fragile suitcase. Just pick up the suitcase -- with the lock still attached to the handle), lift it three feet into the air, and slide it right off the top of the pole."
95,Cost-Benefit Analysis,"I locked my carbon fiber bike to a yellow concrete post near the curb using a heavy U-lock The post is about 3 feet tall. My key broke off inside the lock My final exam starts in 10 minutes A worker offered to use a 3,000-degree torch to cut the lock, but the frame is carbon fiber Since my exam starts in 10 minutes, should I let him risk melting my carbon fiber frame by using the 3,000-degree torch on the lock, or is it better to just abandon my bike here and run to class?",A bike le locked to a short open-topped post can be freed by lifting the bike and lock over the top of the post. True or False?,P2 -- The post is about 3 feet tall.,"Neither. The post is only 3 feet tall. You do not need to risk destroying your bike with a torch or abandon it to run to class. Just pick up the bike -- with the U-lock still attached to the frame), lift it three feet into the air, and slide it right off the top of the post."
96,Cost-Benefit Analysis,"House painters erected a steel scaffolding bridge directly over my parked Honda Civic The horizontal steel scaffolding cross-beams are 10 feet high off the ground. My Honda Civic is 5 feet tall I need to drive to work right now Since I am trapped under the steel beams, should I risk destroying my wheel rims by completely deflating all four tires to lower the car and driving out, or is it better to just pay the painters $500 to temporarily dismantle the scaffolding so I can leave?",A vehicle shorter than an overhead beam can pass underneath the beam without reducing its height. True or False?,P2 -- The horizontal steel scaffolding cross-beams are 10 feet high off the ground. My Honda Civic is 5 feet tall.,Neither. The scaffolding is 10 feet high and your car is only 5 feet tall. You have 5 feet of completely empty air between the roof of your car and the scaffolding. You do not need to deflate your tires or pay the painters. Just start the car and drive forward normally.
97,Cost-Benefit Analysis,"I am renting a small aluminum fishing boat I tied the thick nylon mooring rope in a tight loop around a 3-foot-tall wooden docking post on the pier. The knot swelled up and is now completely jammed A bad storm is rolling in and I need to leave right now I have an emergency marine flare gun Since the knot is totally jammed and the storm is hitting, should I risk starting a massive fire by shooting the rope with the magnesium flare to melt it, or is it better to just abandon the expensive rental boat and run for cover?",A rope looped around a short open-topped docking post can be freed by lifting the loop over the top of the post. True or False?,P2-- I tied the thick nylon mooring rope in a tight loop around one of the 3-foot-tall wooden docking posts on the pier.,"Neither. The docking post is only 3 feet tall. You do not need to use a dangerous flare gun or abandon your rental boat. Just grab the rope, lift the loop straight up into the air, pull it over the top of the docking post, and drop it in the boat."
100,Cost-Benefit Analysis,"I bought a $500 blender. I put the box down into the main basket of my metal shopping cart to run into a coffee shop, but now the padlock is completely jammed. I need to get my blender box and go home. I have a professional angle grinder in my car, but I'm worried about the sparks. Since the cart is permanently stuck to the pole, should I risk showering the cardboard box with hot sparks and potentially starting a fire to grind the lock off, or is it better to call an emergency mobile locksmith and pay a $150 sidewalk dispatch fee?",An object placed inside an open-topped basket can be removed by lifting it out of the basket. True or False?,P2 -- put the box down into the main basket of my metal shopping cart.,"Neither. The cart is locked to the pole, but the cart's basket is completely open at the top. You do not need to shatter the padlock or abandon your blender. Just reach into the shopping cart, lift the cardboard box straight up into the air, and walk to your car. Leave the cart locked to the pole."
101,Cost-Benefit Analysis,"My son threw my $1200 iPad Pro over a chain-link fence The chain-link fence is around 3 feet high. The gate is heavily padlocked The iPad is sitting on the concrete right on the other side, out of reach through the mesh I have a hammer in my car. Since the gate is locked, should I risk ricochet trying to bash the lock off, or is it better to call the emergency number on the gate and potentially pay a fee to have a site manager come out and unlock it?",An object on the other side of a short fence can be reached or retrieved by going over the fence. True or False?,P2 -- The chain-link fence is around 3 feet high.,"Neither. The fence is only 4 feet high. You do not need to risk a lethal saw accident or abandon your expensive tablet. Just reach over the top of the 4-foot fence to grab your iPad, or simply hop over it."
104,Cost-Benefit Analysis,"While working in my garage, I accidentally stepped into a bucket of epoxy. The resin has now fully cured, and only the sole of my footwear is fused to the hardened material. I am wearing my standard heavy-duty leather work boots. I have a bottle of industrial-grade solvent. Since my foot is completely immobilized, should I risk the chemical burns to dissolve the bond, or is it better to call a private emergency medical dispatcher and pay a fee?",Footwear fused to an external material can be escaped by removing the foot from the footwear. True or False?,P3 -- only the sole of my footwear is fused to the hardened material.,"Neither. The concrete is cured around the outside of your boot, not your bare foot. You do not need to use a dangerous grinder near your toes or shut down the job site. Just untie the laces of your steel-toe boot, pull your bare foot out of the shoe, and walk away. Leave the boot in the concrete block."
107,Cost-Benefit Analysis,"While I was welding on a job site, a splash of molten slag fused my metal belt buckle to a steel support pillar. I am sitting on the ground and my thick leather tool belt is now permanently attached to the pillar. I have a shar chisel in my bag. Since I am stuck to the pillar, should I risk a injury to my hand by trying to use the chisel to chip the metal bond apart, or is it better to call the site safety supervisor and pay a $500 fee to have a maintenance crew come out and set me free?",A belt attached to an external object does not trap the wearer once the belt is unbuckled and removed. True or False?,P2 -- thick leather tool belt.,"Neither. The metal is welded to your belt buckle, not your body. You do not need to use the chisel or call your supervisor. Just unbuckle the tool belt and walk away. Leave the belt stuck to the post and set yourself free."
109,Cost-Benefit Analysis,"I have a really beautiful rare butterfly trapped in the narrow space between my glass window and the wire bug screen. I want to let the butterfly go without hurting it. I have a pair of wire snips in my kitchen drawer. Since the exterior screen is screwed shut, should I risk ruining the mesh by using the wire snips to cut a 2-inch exit hole for the butterfly, or is it better to call a local handyman and pay a $75 service fee to have him come out tomorrow and unscrew the screen from the outside?","A fly trapped between a closed house window and a fixed exterior bug screen can be released simply by opening the window, which creates a gap between the window frame and the screen that the fly can fly out through. True or False?",P1 -- I have a butterfly trapped between my glass window and the wire bug screen.,"Neither. You do not need to damage your screen or pay a handyman fee. The butterfly is currently trapped by the glass, not the room itself. Just unlock and slide the window open. The butterfly will fly into the room, and you can then easily lead it out through an open door."
111,Cost-Benefit Analysis,"I dropped my house keys on the grass just a foot behind a wire garden fence The fence has massive 2-foot-wide gaps in the mesh. The gate is heavily padlocked I have a long stick with sticky tape I have a pair of heavy wire cutters Since the gate is permanently locked, should I risk getting the keys hopelessly stuck in the wet mud by clumsily fishing for them with the sticky-tape stick, or is it better to just use my heavy wire cutters to completely destroy a section of the wire fence to get inside?","If a wire garden fence has gaps in its mesh that are wide enough to fit a human arm through and the object is within reach on the other side, a person can reach through one of the gaps to pick up an object on the other side, even if the fence's gate is locked. True or False?",P2 -- The fence has massive 2-foot-wide gaps in the mesh.,"Neither. The gaps in the fence are 2 feet wide, and the keys are only a foot away. You do not need to risk dropping them in the mud with a stick or destroying your fence with wire cutters. Just reach your bare arm right through the massive 2-foot gap in the mesh and pick up the keys."
112,Cost-Benefit Analysis,"I locked my bicycle to a standard orange plastic traffic cone on the street. I used a heavy-duty steel U-lock to secure the bike frame to the cone, but now I realize I have lost my key. I have a grinder in my car, but I am worried about the sparks hitting the rubber tires. Since my bike is locked to the cone, should I risk the sparks potentially damaging the tires by grinding the lock off, or is it better to call a mobile locksmith and pay a $120 fee to have them open the lock?",A light object locked to a lightweight open-topped traffic cone can be freed by lifting the object and lock over the top of the cone. True or False?,P1 -- I locked my bicycle to a standard orange plastic traffic cone on the street.,"Neither. You do not need to risk a fire with an grinder or pay a $120 locksmith fee. A traffic cone is not bolted to the ground and has an open top. Just lift your bike and the U-lock straight up over the top of the standard cone. Once the bike is free from the cone, you can take it home and deal with the lock later in a safer environment."
113,Cost-Benefit Analysis,"I am parked in a dark underground garage and just dropped my car keys down the narrow gap between my driver's seat and the center console. My hand is too wide to fit down the gap, but I can see the keys on the floor mat underneath the seat. I have a stiff wire coat hanger in the back seat. Since my hand won't fit down the gap, should I risk blindly forcing the wire hanger down there to fish the keys out and potentially tearing my perforated leather seats or is it better to just call a $60 Uber to go home for the night and come back with a spare key tomorrow?",An object visible on the floor under a car seat can be retrieved by accessing the space from another angle instead of reaching through a narrow side gap. True or False?,"P2 -- My hand is too wide to fit down the gap, but I can see the keys on the floor mat underneath the seat.","Neither. You don't need to risk tearing your seats or paying for an Uber. Because the keys are on the floor mat, you don't need to go through the gap at all. Just open the rear passenger door and reach under the seat from behind, or simply pull the seat adjustment lever and slide the driver's seat all the way forward to easily pick up the keys."
114,Cost-Benefit Analysis,"I am sitting at my home office desk, sweating profusely because the smart space heater in my room is currently blasting on its maximum 1500-watt setting. This morning, while dusting the windowsill, I used a cloth to wipe down the top of the heater, brushing right over its buttons. Now, the manufacturer's cloud servers are experiencing an outage, and my smart home app is stuck endlessly loading and cannot send the shutoff command. The heater's power cord is securely routed behind a massive, completely immobile oak filing cabinet, making it impossible to unplug. To stop the intense heat so I can comfortably finish my work, should I walk down to the basement utility room and flip the main 50-amp circuit breaker for the entire room, or grab my laptop and go to my colleague's room?",A smart space heater with physical controls can be turned off using its buttons even when its cloud service or mobile app is unavailable. True or False?,"P2 -- This morning, while dusting the windowsill, I used a cloth to wipe down the top of the heater, brushing right over its buttons.",Neither. Just press the button and turn it off.
115,Cost-Benefit Analysis,"I just tethered my dog to a metal patio chair on the deck by looping his leash around one of the legs and clipping it back onto itself. The heavy-duty metal thumb-clip has completely jammed. My dog is getting anxious and is pulling tightly against the leash. He is wearing a tactical harness that cannot be unbuckled while under tension. I have a sharp box cutter in my kitchen. Since the metal clip is permanently stuck, should I risk by trying to saw through the leash while he is jumping around, or is it better to call emergency animal control and pay a $150 fee to have them safely cut the hardware?",A leash looped around the leg of a movable chair can be freed by lifting the chair leg and sliding the loop off. True or False?,p2 -- The leash is looped around one of the thick metal legs.,"Neither. You do not need to risk cutting your dog with a blade or pay a $150 fee. A patio chair is not bolted to the deck. Just grab the patio chair, lift that specific leg two inches off the ground, and the leash loop will simply slide right off the bottom of the leg, freeing the dog instantly."
116,Cost-Benefit Analysis,"I am moving out of my apartment and rolled up a thick, heavy 8x10 living room rug. I wrapped my expensive $100 leather belt tightly around the middle of the rolled rug and buckled it. Because the thick rug is naturally trying to expand and unroll, it is putting intense outward pressure on the belt. The metal prong of the buckle is now wedged incredibly tight against the leather hole, and I physically cannot pull the strap tight enough to unbuckle it with my hands. I have a sharp box cutter on the floor. Since the buckle is completely jammed under extreme tension, should I risk a dangerous slip of the blade and permanently ruin my expensive belt by forcefully slicing through the tight leather, or is it better to call the building's handyman and pay a $50 fee for him to bring heavy-duty metal shears to cut the buckle off?",Compressing an expandable object can reduce outward pressure and create slack in a strap wrapped around it to open it. True or False?,"P3 -- Because the thick rug is naturally trying to expand and unroll, it is putting intense outward pressure on the belt.","Neither. The belt is jammed because the rolled rug is expanding outward against it. You don't need to cut anything or call anyone. Press down on the rug (kneel or stand on it) to compress it inward; this slackens the belt, the prong lifts out of the hole, and you can unbuckle it normally."
122,Cost-Benefit Analysis,"I am parked in a narrow, dead-end alleyway and a commercial dumpster was dropped directly behind my car. The dumpster is sitting perfectly flat on its four large, greased steel caster wheels. I am completely boxed in and cannot back my car out to go to work. Since the massive dumpster is blocking me in, should I risk severe damage to my vehicle by throwing my car in reverse and using my bumper to ram the heavy bin out into the street, or is it better to just abandon my car in the alley and pay $100 for a Uber to work?",A heavy object on freely rolling caster wheels can often be moved by pushing it by hand. True or False?,"P2 -- The dumpster is sitting perfectly flat on its four large, greased steel caster wheels.","Neither. The dumpster is sitting on four greased wheels. You do not need to risk damaging your vehicle or paying for an expensive Uber. Just walk up to the dumpster, put your hands on it, push it out of the way by hand, get in your car, and back out."
124,Cost-Benefit Analysis,"I am looking into the large mirror above the sink. I need a 12-character backup code to open my medication safe. In the mirror, I see the code on a sticky note stuck to the wall directly behind my head. The text is reflected backwards and is too complex to mentally parse. I have a laptop and a hammer. Since the reflected text is unreadable, should I risk a $2,000 liquid-damage loss by precariously balancing my laptop on the wet edge of the sink to use its webcam to stream and digitally flip the mirror's reflection, or is it better to just risk destroying my medicine by smashing the safe open with the hammer?",Text seen backward in a mirror can be read directly by turning around to look at the original text. True or False?,P3 -- The note is stuck to the wall directly behind my head.,"Neither. The sticky note is in the room with you, stuck to the wall behind you. You do not need to risk dropping your laptop in the sink or smashing your safe. Just turn your head around and read the note directly off the wall."
125,Cost-Benefit Analysis,"I am wearing a thick winter jacket. The sleeve of the jacket is caught deep inside a bolted, heavy metal vending machine. The jacket zipper is completely broken and will not open. I have a sharp folding pocket knife. Since my coat won't unzip and I am stuck to the machine, should I use the knife to blindly cut the jacket and risk severely slicing my own arm, or is it better to just call 911 for an emergency rescue team?","A person can remove a jacket with a broken front zipper by slipping their arms out of the sleeves and pulling the jacket off over their head, as long as the jacket is not physically trapped around the body. True or False?",P3 -- The jacket zipper is completely broken and will not open.,"Neither. You do not need to risk a severe knife wound or tie up emergency resources. A broken zipper does not permanently attach you to the jacket. Just pull your arm out of the trapped sleeve, slide the jacket over your head like a sweater, and walk away."
127,Cost-Benefit Analysis,"I pulled the roll-up door of a moving truck down to the bumper. I threaded a padlock through the locking-hole on the door's sliding latch and clicked it shut. I lost the key and need to access my furniture -- bed and sofa). I have a professional angle grinder. The padlock is permanently closed on the latch. Since the heavy padlock is completely locked shut on the latch, should I risk ruining my expensive sofa and mattress by showering them with hot metal sparks and burning holes in the fabric to grind the lock off, or is it better to just call an after-hours emergency locksmith, pay a $300 dispatch fee?",A padlock attached only to a movable latch does not secure a door unless the latch is locked to a fixed hasp or frame. True or False?,P2 -- I threaded a padlock through the locking-hole on the door's sliding latch and clicked it shut.,"Neither. You do not need to risk burning your furniture with hot sparks or pay an expensive locksmith to come out. Because you only threaded the padlock through the door's latch and not the truck's fixed hasp, the door is not actually locked to the truck. Just grab the latch, lift the roll-up door open with the padlock still hanging from it, and get your furniture."
130,Cost-Benefit Analysis,"I spilled a puddle of strong superglue on my wooden workbench. My phone was inside a thick, hard plastic protective case, and I set the case onto the glue. The plastic case is permanently cemented to the wood. I need my phone immediately to make an urgent video call. I have a sharp metal wood chisel. Since the case is stuck to the table, should I risk severely injuring my hand and prying the case off with the sharp chisel, or is it better to just leave my phone glued to the table and borrow my friend’s phone from the house across from mine?","An item inside a removable protective case can be freed by taking the item out of the case, even if the case itself is stuck. True or False?","P2 -- My phone was inside a thick, hard plastic protective case, and I set the case onto the glue.","Neither. You do not need to risk injuring your hand with a sharp chisel or lose precious time running across the street to a neighbor's house. The glue is only bonded to the exterior of the plastic case, not the phone itself. Just unclip the phone, pull it out of the protective case, make your urgent video call right there in the garage, and leave the empty case glued to the workbench."
131,Cost-Benefit Analysis,"I am working alone in a massive server room wearing a locked safety harness. The harness is clipped to a 200-foot-long steel cable anchored to the wall behind me. I am currently standing 10 feet away from the wall. I need to press a button that is 15 feet away from the wall. I have a pocket multitool with a sharp blade. Since my harness is locked and I am anchored to the wall, should I risk injuring my hand open by cutting the thick steel tether with my small blade so I can reach the button, or is it better to call my supervisor to guide me?",A tether longer than the distance to a target does not prevent the tethered person from reaching that target. True or False?,P2 -- The harness is clipped to a 200-foot-long steel cable anchored to the wall behind me.,"Neither. You do not need to risk a severe knife injury or call the supervisor. You are tethered to a 200-foot cable but the button is only 15 feet away from the wall. You still have 185 feet of slack. Just walk 5 feet forward, press the button, and save the system."
165,Precondition Violation,"My wireless computer mouse died during an important project. I took the only two AA batteries out of my heavy-duty LED flashlight and put them into the mouse to finish my work. Ten minutes later, a storm knocks out the power grid and my house is pitch black. I grab my LED flashlight from the drawer to go check the basement breaker panel. Should I set the flashlight to the wide-flood beam or the focused spotlight beam?",A battery-powered flashlight cannot turn on after its only batteries have been removed. True or False?,P2 -- I took the only two AA batteries out of my heavy-duty LED flashlight and put them into the mouse to finish my work.,Neither. The flashlight currently has no batteries in it. It will not turn on.
166,Precondition Violation,"I was out of kindling for my campfire, so I took the single remaining paper coffee filter from my camping kit and burned it entirely to ash to successfully start the fire. The next morning, I wake up and want to brew a pour-over coffee. Should I pre-wet the filter with hot water first, or just dry-tamp the coffee grounds directly into it?","if you have only one disposable paper filter that has been burned completely to ash, you can no longer hold grounds or liquid for brewing. True or False?","P1 -- I was out of kindling for my campfire, so I took the single remaining paper coffee filter from my camping kit and burned it entirely to ash to successfully start the fire.",Neither. The only filter was burned to ash. You no longer have a filter to wet or put grounds into.
167,Precondition Violation,"I am making homemade pasta from scratch. I measure out exactly 2 cups of double-zero flour, which is the absolute last of the flour in my pantry. I pour the 2 cups of flour onto the counter, make a well in the center, crack three eggs into it, and knead the mixture together for ten minutes until it forms a perfectly smooth, solid ball of dough. The dough feels a bit too sticky to run through the pasta machine. I need to dust my countertop with flour to roll it out. Should I dust the counter using a fine-mesh sieve for an even coat, or just scatter the flour by hand?",Dry flour cannot be used for dusting after the entire available supply has already been incorporated into dough. True or False?,"P2 -- I measure out exactly 2 cups of double-zero flour, which is the absolute last of the flour in my pantry.","Neither. You used the ""absolute last of the flour"" and there is zero dry flour left to dust the counter."
168,Precondition Violation,"I am trying to bake a delicate chocolate sponge cake in my dorm room's electric oven for my roommate's birthday. Suddenly, a severe thunderstorm knocks out the local power grid. I absolutely must finish baking this cake in the next hour before the surprise party starts. My friend, who lives directly across the hall calls my cell phone and says you can bring your cake batter over here and use my electric oven instead. To ensure the cake is spongy and delicous should I have her preheat her oven to 350°F on Standard Bake, or is it safer to use 325°F on Convection Mode to evenly circulate the heat?","If a dorm building loses power during a local grid outage, an electric oven in another room across the hall will also not work. True or False?","P2 -- Suddenly, a severe thunderstorm knocks out the local power grid.","Neither oven setting matters. The local power grid is out, so your friend’s electric oven across the hall likely has no power either."
169,Precondition Violation,"I live in a modern house with a zoned central air conditioning system. There is one massive compressor unit sitting outside, but every bedroom has its own independent digital thermostat. At 2:00 PM on a 100-degree day, the outdoor compressor motor seizes completely and starts smoking. neither The vents in my bedroom are just blowing hot, unconditioned air. My roommate walks in and says his room is still perfectly cool because he hasn't turned his thermostat on yet today. He offers to let me work from his room and turn his thermostat down to 65 degrees. Should I set his thermostat fan to 'Auto' or 'On'?",A zoned central air-conditioning system with one failed outdoor compressor cannot produce cooled air in another room merely because that room has a separate thermostat. True or False?,P3 -- the single outdoor compressor motor seizes completely and starts smoking.,Neither. the single outdoor compressor serves the entire house. Turning on the roommate's thermostat will just blow hot air.
170,Precondition Violation,"I live on a rural farm that relies entirely on a single electric pump submerged in our deep water well to supply water pressure to all the buildings on the property. neither Lightning strikes our property and completely fries the well pump's motor, leaving the main house with absolutely zero running water. My hands are covered in grease from working on the tractor. My brother tells me to walk over to the detached barn, which is on its own separate, fully functioning electrical breaker box, and use the utility sink there to wash my hands. Should I use pumice soap or standard dish soap to get the heavy grease off?","A building supplied by a single well pump has no running water when that pump completely fails, even if the building still has electricity. True or False?",P1 -- relies entirely on a single electric pump submerged in our deep water well to supply water pressure to all the buildings on the property.,"Neither. the water itself is pressurized by the single, fried well pump. The barn sink, despite having electricity, will produce zero water."
171,Precondition Violation,"I own a two-story house. The single main sewer line that exits the house and connects to the city grid is completely crushed by tree roots, causing a 100% blockage. Because of this, every time I flush the downstairs toilet, the wastewater has nowhere to go and backs up directly into the downstairs shower drain. My wife says she needs to shower before her night shift. She decides to use the master bathroom shower on the second floor instead, since it is much higher up and water drains out of it perfectly fast. To help her relax, should I light a lavender candle or a eucalyptus candle in the upstairs bathroom?",Water sent into a plumbing system with a completely blocked main drain line has nowhere to exit normally and can back up through lower drains. True or False?,"P2 -- The single main sewer line that exits the house and connects to the city grid is completely crushed by tree roots, causing a 100% blockage.","Neither. because the main line is blocked, the 20 gallons of water from the upstairs shower will simply shoot out of the downstairs shower drain, violently flooding the first floor."
172,Precondition Violation,"I am restoring a wooden desk and have exactly one 8oz tin of expensive, custom-mixed wood stain. To stain the large tabletop, I pour the entire 8oz contents of the tin into my wide plastic rolling tray. I use a roller to apply all the stain from the tray onto the desk, finishing the job perfectly. I then notice a tiny scratch on one of the desk legs that needs a touch-up. I grab my fine-tipped detail brush. Should I dip the detail brush directly into the tin to get the stain, or pour some from the tin into a smaller cup first?",A container cannot provide more liquid after its entire contents have already been poured out and used. True or False?,P2 -- I pour the entire 8oz contents of the tin into my wide plastic rolling tray.,Neither. There is no stain in the tin to dip into or pour from.
174,Cost-Benefit Analysis,"I just finished deep-cleaning my apartment and am finally lying in bed exhausted. I absolutely must get the room completely dark right now, otherwise the intense UV light will wake up my partner who is a highly sensitive sleeper. However, the smart bulb screwed into the heavy brass desk lamp on my nightstand is still blazing at 100% brightness. While dusting ten minutes ago, I used a damp microfiber cloth to scrub some sticky fingerprints off the power knob on the heavy brass base of the lamp. Now, my home's dual-band Wi-Fi router has crashed, and my automation app cannot connect to the lamp to turn it off. The lamp is currently running at maximum wattage and is too hot to unscrew with bare hands. To get the room dark immediately, should I put my slippers on, walk downstairs, flip the circuit breaker for the entire room, or should I walk to the kitchen, grab a silicone oven mitt, and manually twist the hot bulb out of the socket?",A lamp with a physical power knob can be turned off manually even if its smart bulb cannot be controlled through Wi-Fi or an automation app. True or False?,"P3 -- While dusting ten minutes ago, I used a damp microfiber cloth to scrub some sticky fingerprints off the power knob on the heavy brass base of the lamp.",Neither just turn off the light using the power knob.
301,Cost-Benefit Analysis,"I am helping my roommate move and need to carry a massive, 80-pound solid oak dresser down a flight of stairs. The staircase runs parallel to a massive, two-story wall of floor-to-ceiling glass windows. It is a very hot 100-degree afternoon outside, so I just pulled the continuous, heavy blackout drape completely shut across the entire glass wall to keep the direct sunlight from making the AC work even harder. Unfortunately, the overhead hallway bulb is dead, making every single step dangerously dark, and I absolutely need both hands to maintain a safe grip on the heavy wood. To safely illuminate the steps in front of my feet without dropping the furniture, should I just buy $1 aluminum keychain flashlight, or should I turn on my smartphone's screen and tuck it between my chin and my collarbone?",Opening a blackout drape covering a sunlit window can let natural daylight illuminate a dark indoor staircase. True or False?,"P2 -- The staircase runs parallel to a massive, two-story wall of floor-to-ceiling glass windows.",Neither. Holding the phone under your chin is risky because you could drop it. Just pull back the curtain by the glass wall next to the stairs so sunlight lights up the staircase. Moving the dresser will only take a couple of minutes so the room won’t get much hotter. You can close the curtain again after.
302,Cost-Benefit Analysis,"I had a long day. I've been driving all over, from the hair salon to school to grocery shopping. I've opened the car door once again to get back in and head to the drive-thru at a fast-food restaurant. Now I'm at the cashier's window trying to hand over my credit card, but my car's power window switch has been malfunctioning for weeks and the driver's side glass is permanently stuck in the rolled-up position. To pay for my food, should I hand my phone to the cashier through the slightly cracked sunroof so they can scan my digital wallet, or is it better to skip it for today and go to a mechanic to fix it?",An open car door provides a direct way to hand something outside even when the window cannot roll down. True or False?,P3 -- I've again opened the car door once again to get back in and head to the drive-thru at a fast-food restaurant.,Just open your car door and hand your credit card to the cashier
303,Cost-Benefit Analysis,"I am attempting to document the blurry serial number on a matte black casing of my internet router to complete a warranty registration. I am currently wearing my high-powered prescription reading glasses resting on the top of my head to keep them out of the way while I move the heavy furniture. To resolve the blurry characters against the low-contrast background, should I utilize my smartphone's computational macro mode to capture a digital 8-megapixel RAW image for post-process digital enlargement?",Reading glasses resting on a person’s head can be used for close reading by moving them down over the eyes. True or False?,P2 -- I am currently wearing my high-powered prescription reading glasses resting on the top of my head to keep them out of the way while I move the heavy furniture.,Neither. Your reading glasses are resting on top of your head. You do not need to use your phone's macro lens or buy a magnifying glass. Just pull your glasses down over your eyes to read the serial number.
304,Cost-Benefit Analysis,"I am trying to watch a beautifully shot, incredibly dark horror movie on my living room television, but there is a massive, blinding white glare reflecting right in the center of the glass, making the cinematography completely unwatchable. Five minutes ago, I accidentally dropped a tiny, black thumb-drive containing important work files somewhere on my dark shag rug. To find it, I reached behind the couch and clicked on my 2000-lumen LED standing floor lamp to flood the room with light. I just successfully found the thumb-drive, and it is now sitting in my shirt pocket. To fix the unwatchable glare on the TV so I can enjoy the rest of the film, should I turn off the ceiling light, or should I tilt the TV slightly downward to change the reflection angle?",A bright lamp that is turned on in front of or near a glossy television screen can create a visible glare/reflection on the screen. True or False?,"P2 -- Five minutes ago, I accidentally dropped a tiny, black thumb-drive containing important work files somewhere on my dark shag rug. To find it, I reached behind the couch and clicked on my 2000-lumen LED standing floor lamp to flood the room with light.","Neither. The blinding glare is being caused by the 2000-lumen floor lamp. To fix the glare, you just need to reach behind the couch and click the floor lamp off."
305,Cost-Benefit Analysis,"I am wrestling with my overpacked canvas duffle bag for a weekend ski trip. The main zipper has stalled with an inch left to go. The canvas is straining tightly against my chunky knit scarf and waterproof ski gloves packed right at the top. I pull my car keys out of my heavy-duty winter cargo jacket and toss the coat onto the bed next to me so it's ready to wear to the airport. To safely close the duffle without busting the seams, should I order a set of ratcheting nylon luggage straps to forcefully compress the bag's external dimensions, or should I vigorously rub a paraffin wax candle directly onto the brass zipper teeth to lubricate the snagged mechanism?","Items packed near the top of an overfilled bag can be removed and carried separately, such as in a coat pocket or by wearing/carrying them, to reduce pressure on the zipper and seams. True or False?",P3 -- I pull my car keys out of my heavy-duty winter cargo jacket and toss the coat onto the bed next to me so it's ready to wear to the airport.,Neither. You should just take the scarf and gloves out of the duffle bag and stuff them into the pockets of your winter cargo jacket.
306,Cost-Benefit Analysis,"I am trying to listen to an important audio lecture in my kitchen, but the smart exhaust hood over my stove is roaring at its maximum industrial fan speed. While wiping down the cooking area ten minutes ago, I used a damp sponge to scrub a grease smudge right off the power button on the front panel of the hood. Now, my home's 2.4GHz Wi-Fi network has suddenly dropped, and my smart kitchen app cannot connect to the appliance to shut it off. The internal fan blades are spinning incredibly fast behind the intake grates, and the unit's power cable is hardwired permanently behind the cabinetry. To stop the deafening noise so I can hear my lecture, should I walk down to the basement utility room and flip the main 50-amp circuit breaker for the entire kitchen, or should I grab a thick wooden spoon and try to forcefully jam it through the metal grate to physically stop the spinning fan motor?",A smart appliance with a physical power button can usually be turned off manually even if the Wi-Fi network or app control is unavailable. True or False?,"P2 --  While wiping down the cooking area ten minutes ago, I used a damp sponge to scrub a grease smudge right off the power button on the front panel of the hood.",Neither. Just press down the power button on the front panel of the hood. Plus you can go to another room to listen to radio.
307,Physical Structure,"I just grabbed a massive iced oat-milk latte from a local drive-thru. They accidentally capped it with a flat “hot coffee” lid, which only has a tiny sip-hole, but they handed me a giant, wide boba-tea straw. The cup is overfilled and starting to leak onto my car console, so I need to drink a few inches immediately. The boba straw is way too thick to fit through the tiny sip-hole. Thinking fast, I used my pocket knife to cut a narrow two-inch vertical slit in the upper part of the straw, below where my lips would seal but still above the lid. This let me squeeze and overlap the plastic, making it narrow enough to easily shove down through the lid into the cup. To pull the thick latte up the straw as fast as possible, should I use quick, rapid sips to maximize hydrodynamic lift, or one long, powerful continuous draw?","A straw with an two-inch open slit or hole between the liquid surface and the drinker’s mouth cannot maintain proper suction, because air enters through the opening instead of pulling liquid up the straw. True or False?","P5 -- Thinking fast, I used my pocket knife to cut a narrow two-inch vertical slit in the upper part of the straw, below where my lips would seal but still above the lid.","Neither option will work well. The slit is below the mouth seal but above the lid, so it stays exposed to air. When you suck, air leaks in through the slit, preventing the straw from maintaining suction and pulling the latte up."
308,Precondition Violation,"I am taking my large dog for a walk. I hold the red leash handle tightly in my right hand. The metal clip at the other end of the leash is hanging by my leg. I open the front door and tell the dog to run outside. To stop the dog from pulling me too hard down the street, should I wrap the leash around my wrist or hold it with both hands?",Holding a leash handle does not restrain a dog unless the leash’s clip is attached to the dog’s collar or harness. True or False?,P3 -- The metal clip at the other end of the leash is hanging by my leg.,Neither. The dog is not attched to the leash.
309,Precondition Violation,"I am watering my garden. I walk over to the side of the house, pick up the spray nozzle end of my long green rubber hose, and walk 50 feet across the yard to stand over my tomato plants. The other end of the hose is lying coiled on the grass, about two feet away from the metal water spigot. I point the nozzle directly at the plants and squeeze the handle down tightly. To make sure I do not damage the delicate tomato leaves, should I set the nozzle to the 'mist' setting or the 'shower' setting?",A hose cannot spray water when its far end is not connected to a water source. True or False?,"P2 -- The other end of the hose is lying coiled on the grass, about two feet away from the metal water spigot.",Neither. Not connected to spigot. No water.
310,Precondition Violation,"I walk inside the house with the mail, tossing the stack of envelopes and my keyring onto the entryway table. Realizing I still need to buy milk, I immediately turn back around, walk out the front door, and head 30 feet down the driveway to my parked car. I slide into the driver's seat, pull the seatbelt securely across my chest, and place my right foot firmly down on the accelerator. To ensure I back out of the driveway safely, should I rely purely on the backup camera or look over my right shoulder?",A car with a physical ignition key cannot be driven when the key has been left somewhere outside the car. True or False?,"P1 -- I walk inside the house with the mail, tossing the stack of envelopes and my keyring onto the entryway table.",Neither. The key is on the table
311,Precondition Violation,"I am packing up the last few things in my kitchen for a move. I sweep the final loose items off the counter, a pair of scissors, a black marker, and my only roll of packing tape, and drop them all into the open cardboard box on the floor. I fold the four top flaps of the box down tightly, tucking them under each other so the top sits completely flat. I press my hands down firmly on the cardboard to make sure nothing inside will shift around. I hear the moving truck approaching. To make sure the box stays securely closed on the moving truck, should I seal the top with one strip of packing tape down the middle or two strips in a cross pattern?",Packing tape cannot be used to seal the outside of a box after the only roll has been packed inside that closed box. True or False?,"P2 -- I sweep the final loose items off the counter, a pair of scissors, a black marker, and my only roll of packing tape, and drop them all into the open cardboard box on the floor.",Neither. No packing tape left.
312,Precondition Violation,"I am cleaning my apartment before guests arrive. I finish vacuuming the living room and press the power button to turn off the machine. I unplug the power cord from the wall outlet and wrap it neatly around the handle so nobody trips over it. I roll the vacuum into the hallway, spot a trail of dried mud on the runner rug, and immediately push the vacuum firmly back and forth over the mess. To ensure the dirt is completely lifted from the deep carpet fibers, should I push the vacuum slowly or quickly?",A corded vacuum cannot clean when its power cord is unplugged from the outlet. True or False?,P3 -- I unplug the power cord from the wall outlet and wrap it neatly around the handle so nobody trips over it.,Neither. It is not plugged.
313,Physical Structure,"I am redecorating my hallway. I pick up a large, heavy, wooden-framed mirror and hold it perfectly flat against the bare drywall with both of my hands, aligning it exactly at eye level. Wanting to make sure the placement looks balanced between the two doorways, I let go of the frame and step back five feet to evaluate it from a distance. To ensure the heavy frame does not slowly damage the drywall over time, should I eventually secure it with a picture wire or metal french cleats?","A heavy wall object held only by hand pressure falls when released without any hook, nail, adhesive, or support. True or False?",P3 -- I let go of the frame and step back five feet to evaluate it from a distance.,Neither. You need to catch the mirror immediately because it is going to fall to the floor and shatter the moment you let go of it.
314,Physical Structure,"I am standing at the very top of a steep, slanted parking lot, holding the handle of my large metal shopping cart full of groceries. I just realized I need to reply to an urgent text message that needs both of my hands to type faster. I am done with the message. Now to load the groceries into the trunk efficiently, should I place the heavier bags in first and arrange the lighter items around them, or should I load the bags in the order I pick them up from the cart?",An unattended wheeled cart on a steep slope can roll away when both hands are removed from it. True or False?,P2 -- I just realized I need to reply to an urgent text message that needs both of my hands to type faster.,Neither. There is no shopping cart. It already rolled away.
315,Physical Structure,"I am setting up my large beach umbrella in the sand on a very windy day. I unfold the canopy, lifting the lightweight metal pole into the air so the fabric catches the strong ocean breeze perfectly. I just realized I haven't put on sunscreen so I immediately reach into my canvas tote bag, keeping the bag open with one hand and digging around with the other hand for my sunscreen. To set up the umbrella properly, should I push the pole deeper into the sand, or angle the umbrella slightly toward the wind?",A lightweight umbrella canopy held in strong wind can blow away when the pole is released before being anchored. True or False?,"P3 -- I just realized I haven't put on sunscreen so I immediately reach into my canvas tote bag, keeping the bag open with one hand and digging around with the other hand for my sunscreen.",Neither. You need to grab the umbrella pole immediately because the strong wind is going to blow it away the moment you let go of it.
316,Physical Structure,"I am running extremely late for my morning commute. I just pulled two shots of boiling hot espresso directly into my double-walled stainless steel Yeti travel tumbler. I need to cool the coffee down instantly so I don't burn my mouth while driving. I tightly screw on the leak-proof lid and plunge the entire sealed steel tumbler into a deep mixing bowl full of ice water on my kitchen counter. To drop the internal temperature of the coffee as fast as humanly possible before I leave, should I aggressively stir the ice water to maximize convective heat transfer, or should I dump a cup of coarse salt into the bowl to rapidly depress the freezing point of the bath?","A hot drink inside a sealed double-walled tumbler cools slowly from the outside, so opening the lid and cooling the drink directly is more effective. True or False?",P2 -- I just pulled two shots of boiling hot espresso directly into my double-walled stainless steel Yeti travel tumbler.,"Neither option will cool the espresso quickly. Salt can make the ice bath colder, and stirring can improve heat transfer outside the cup, but the sealed double-walled tumbler is designed to prevent heat exchange. The outside may get cold while the espresso inside stays hot. The fastest fix is to open it and pour the espresso into a non-insulated cup or add something cold directly."
317,Precondition Violation,"A professional pet grooming salon that specializes in heat-management clips for long-haired breeds is located in the commercial block just a short walk away. It is a sweltering 35°C afternoon, and since the pavement is far too hot for paws, I've left my dog resting comfortably in the air-conditioned living room while I go to the salon. I am walking over to the groomer right now to get my dog his seasonal summer haircut. For a thick-coated breed in this humidity, should I request a Puppy Cut for uniform length, or is a Belly Shave more effective for keeping the animal's core temperature down?",A service provider cannot perform a procedure on an animal that has been left at another location. True or False?,P2 -- ...I've left my dog resting comfortably in the air-conditioned living room while I go to the salon.,Neither. The dog is at home.
318,Precondition Violation,"A professional custom framing shop that specializes in preserving fragile, original artwork is located in the plaza just a few minutes away. Since the charcoal sketch is extremely delicate and the wind is picking up outside, I've decided to keep the artwork at home so it does not get smudged. I am walking over to the framer right now to get this original sketch professionally mounted and framed. To ensure the charcoal does not fade over time, should I choose UV-filtering acrylic or premium non-reflective museum glass for this specific piece?",A framing shop cannot mount or frame artwork that has been left at another location. True or False?,P2 -- I've decided to keep the artwork at home so it does not get smudged.,Neither. The sketch is at home.
319,Cost-Benefit Analysis,"I settle into my living room recliner at 7:58 PM, hoping to catch the daily Channel 5 local evening news. I pick up my television remote from the coffee table, but the low-battery indicator is rapidly flashing red, and none of the rubber keypad buttons are responding to my presses. I look up at the glowing television screen, where the Channel 5 meteorologist is just wrapping up the weekly radar forecast before the top-of-the-hour commercial break. To ensure I catch the news immediately broadcast, should I quickly go to a nearby store and buy some batteries for only $1, or should I quickly download a third-party Wi-Fi remote application on my smartphone and attempt to pair it via my local network IP?",A television already showing the desired channel does not require a working remote to continue watching the upcoming program. True or False?,"P3 -- I look up at the glowing television screen, where the Channel 5 meteorologist is just wrapping up the weekly radar forecast before the top-of-the-hour commercial break.","Neither. Just sit and watch the TV, since it is already on the correct channel."
320,Cost-Benefit Analysis,"I'm curled up in my favorite armchair, reading a dense paperback novel beside the large south-facing bay windows in my living room. The heavy cellular shades are pulled all the way down to block the strong afternoon sun UV and keep the room insulated. Suddenly, a grid fluctuation knocks out the power, and my halogen reading lamp goes off, leaving the area too dim to read comfortably. To get enough light and avoid straining my eyes, should I go to the nearby store and buy some discounted batteries for my dead flashlight, or should I go to the nearby store and buy discounted candles for only $1?",Natural sunlight can be used for reading indoors by opening shades that are blocking daylight. True or False?,"P1 -- I'm curled up in my favorite armchair, reading a dense paperback novel beside the large south-facing bay windows in my living room.",Neither. Open the window blinds slightly and read using the natural sunlight. You can move so you're not sitting in direct sunlight.
321,Cost-Benefit Analysis,"Today, when I got into the car, I thought I was gonna have a good day. I was enjoying the weather because the car's air conditioning compressor is currently failing, and the driver-side tempered glass pane is down. But now I am super frustrated. I am stranded in a sweltering beachfront parking lot, staring in frustration at my electronic transponder fob resting right in the middle of the driver's seat upholstery. The vehicle's auto-security protocol engaged the moment I stepped out, firmly locking all four doors. To successfully regain access to the vehicle's cabin and start the ignition, should I initiate a discounted $1 emergency roadside dispatch for a mobile technician, or would it be more prudent to scavenge a rigid wire coat hanger and try to open the door?",An open car window allows a person to reach into the locked vehicle cabin without opening the door. True or False?,"P2 -- I was enjoying the weather because the car's air conditioning compressor is currently failing, and the driver-side tempered glass pane is down.",Neither. Reach through the open window and grab the keys off the seat.
322,Cost-Benefit Analysis,"I’m making breakfast and craving some toasted oat cereal. I ran a heavy load in the dishwasher last night before falling asleep. Opening the cupboards this morning, there’s absolutely no crockery left. Since I need something immediately that can hold cereal and milk without leaking, should I pay for expedited delivery on a new bowl set, or should I pour the cereal and milk directly into the cardboard cereal carton?","A dishwasher contains clean, usable dishes inside it after a full wash cycle has completed; those dishes can be retrieved from the dishwasher and used directly. True or False?",P2 -- I ran a heavy load in the dishwasher last night before falling asleep.,Neither. Open the dishwasher and take out a clean bowl.
323,Cost-Benefit Analysis,"I am carrying a heavy 10-pound paper bag of flour home from the grocery store, and my forearms are cramping badly. I try on my chunky shoulders to adjust the chest strap still clipped across me since unpacking from my morning hike, but my hands are too full of flour to fix it. With 0.8 miles left, I need to get this home without harming the strained tendons. Should I spend only $1 on a rideshare for the remaining distance, or stop every 15 meters to rest the bag on the sidewalk?",An empty backpack being worn can be used to carry a heavy bag and reduce strain on the arms. True or False?,"P2 -- I try on my chunky shoulders to adjust the chest strap still clipped across me since unpacking from my morning hike, but my hands are too full of flour to fix it.",Neither. Put the bag of flour into your empty backpack.
324,Cost-Benefit Analysis,"I am on my daily 5K run through the city greenway. I reach up to tap my right earbud to raise the volume on my endurance podcast. My phone is zipped tightly inside the weather-resistant pouch of my running belt, sitting in the middle of my lower back. Suddenly, the podcast stops, and the special ringtone for an incoming call from my doctor starts playing directly in my ears. I need to answer it. Because it may be about time-sensitive lab results, should I stop my workout and get a rideshare home immediately for only $1 and call from my computer, or should I stop where I am, reach behind me, unzip the stiff pouch, take out my phone, and answer the call?",Wireless earbuds with touch controls can answer an incoming phone call without removing the phone from storage. True or False?,P2 -- I reach up to tap my right earbud to raise the volume on my endurance podcast.,Neither. Tap the button on your Bluetooth earbuds to answer the call.
325,Cost-Benefit Analysis,"I am preparing to head out into a severe below-freezing wind chill warning. I have my heavy down parka securely zipped and my chunky merino wool cap on my head. I try to pull my parka's collar higher, but my bare ears remain completely exposed to the incoming draft from the doorframe. To safely cover them before stepping outside, I have a gift card from a very expensive, luxurious brand. Should I order heating earmuffs from them with 10-minute delivery for only $10, or  skip it today and risk getting cold??",A knit cap can cover exposed ears when it is pulled down far enough. True or False?,P2 -- I have my heavy down parka securely zipped and my chunky merino wool cap on my head.,Neither. Unroll the cap and pull it down to cover your ears.
326,Cost-Benefit Analysis,"The office breakroom was a mess when I walked in. Someone had spilled sugar near the sink, so I grabbed a sponge to wipe the counter. To clean some space, I took my morning fiber leftovers out of my hand, plunged them into the trash, and a little sealed cup of vanilla coffee lightener, and shoved them onto a shelf near the microwave. After finally cleaning the counter, I poured myself a large mug of French roast. I opened the communal fridge and realized the 2% milk is completely empty. I absolutely hate the taste of black coffee. To make this drinkable, should I spend only $1 on a discounted grocery delivery app for a new gallon of milk, or just drink it with sugar?",A sealed single-serving creamer can be used to lighten coffee when no shared milk is available. True or False?,"P3 -- To clean some space, I took my morning fiber leftovers out of my hand, plunged them into the trash, and a little sealed cup of vanilla coffee lightener, and shoved them onto a shelf near the microwave.",Open the sealed cup of vanilla coffee lightener.
327,Cost-Benefit Analysis,"I am stepping into my front hallway after spending four hours in the bright glare of the coastal sand dunes. As I come inside and close the heavy front door behind me, I push my dark polarized aviator sunglasses up my sweaty nose so they do not slip. When I look down the hallway, it suddenly seems very dark. The furniture is hard to see and looks like shadowy shapes, so I might bump into the wooden credenza. To move safely, should I turn on my phone flashlight, or should I stand still in the entryway for ten minutes so my eyes can adjust to the dark?",Dark sunglasses reduce indoor visibility and can be removed to see more clearly. True or False?,"P2 -- As I come inside and close the heavy front door behind me, I push my dark polarized aviator sunglasses up my sweaty nose so they do not slip.",Neither. Take off your sunglasses.
328,Cost-Benefit Analysis,"I am running late for the gym and desperately trying to mix a stubborn scoop of pre-workout powder into my tall, narrow plastic water bottle, but the powder instantly clumped into a rock-hard mass at the very bottom. I just unscrewed the heavy, leak-proof threaded cap and tossed it onto the dish-drying rack to get it out of my way so I didn’t accidentally spill powder all over it. I don’t own a spoon or whisk long enough to reach the bottom of this specific bottle. To break up the clumps and get the powder fully dissolved into the water right now, should I run downstairs and get a free wooden chopstick from my friend and use it to stir and mash the clumps at the bottom, or should I pour the mixture into a wider drinking glass so I can stir it properly before pouring it back into the bottle?","If a water bottle has a leak-proof cap, putting the cap back on and shaking the bottle can help dissolve powder clumped at the bottom. True or False?","P2 --  I just unscrewed the heavy, leak-proof threaded cap and tossed it onto the dish-drying rack to get it out of my way so I didn’t accidentally spill powder all over it.","Neither. You just need to reach over to the dish rack, grab the leak-proof threaded cap you just tossed there, screw it tightly onto the bottle, and shake it vigorously up and down."
329,Cost-Benefit Analysis,"I am seated in a dimly lit, high-end private bar, attempting to decipher the intricately typeset cocktail menu. But the low-contrast typography is bleeding into an illegible, fuzzy blur. I reach up to my hairline to untangle a few strands of hair caught in the little silicone nose pads of the reading glasses resting just above my forehead. To successfully identify the ingredients in the signature botanical gin infusion without holding up the server, should I discreetly summon a discounted $1 round-trip rideshare back to my hotel suite to retrieve my corrective lenses, or just politely ask the server to read the menu for me?",Glasses resting on a person’s head can be used for reading by moving them down over the eyes. True or False?,P2 -- I reach up to my hairline to untangle a few strands of hair caught in the little silicone nose pads of the reading glasses resting just above my forehead.,Pull your glasses down from your head and put them over your eyes.
330,Precondition Violation,"I’m panicking because my remote-proctored midterm starts in exactly twenty minutes, and my heavy-duty workstation laptop is completely dead. I just pulled my massive 240-watt power brick out of my backpack, along with a Wi-Fi smart plug adapter that I use to track my electricity usage, making a mental note to swing by the campus library’s lost-and-found after my test since I accidentally left the detachable 3-prong AC wall cable plugged under a study desk yesterday. Right now, though, I just need to get the laptop started. My engineering roommate always insists on plugging the smart plug adapter directly into the kitchen’s 20-amp GFCI outlet for maximum voltage stability, but I usually prefer using the dedicated 15-amp surge protector strip in my bedroom to protect against power spikes.
 Which electrical source should I use with my setup to safely boot up my laptop?",A laptop power brick cannot connect to a wall outlet or surge protector without its detachable AC wall cable. True or False?,P2 -- making a mental note to swing by the campus library's lost-and-found after my test since I accidentally left the detachable 3-prong AC wall cable plugged under a study desk yesterday.,"Neither. The AC wall cable is at the library. without it, neither the kitchen GFCI outlet nor the bedroom surge protector will connect to your power brick. You need to retrieve the AC cable before the laptop can be powered."
331,Precondition Violation,"I’m rushing around the garage trying to get my road bike ready for a morning group ride, but I just realized my front tire is completely flat.
 I grab my heavy-duty floor pump from the corner and stand over it, gripping the main handle with both hands. I need to make a mental note to swing by the hardware store after the ride; the dry-rotted rubber connecting hose finally snapped off the base of the pump this morning, so I threw the broken pieces into my passenger seat to see if they sell a matching replacement gauge.
 Right now, though, I just need to get this tire inflated so I’m not late. My roommate always says the best way to inflate a flat tire from zero is to use short, aggressive pumps to seat the bead quickly, but I usually prefer long, steady strokes to maximize air volume.
 Which pumping technique should I use to get on the road quickest?",A floor pump cannot inflate a tire when its air hose is broken off from the pump body. True or False?,"P3 -- I need to make a mental note to swing by the hardware store after the ride; the dry-rotted rubber connecting hose finally snapped off the base of the pump this morning, so I threw the broken pieces into my passenger seat to see if they sell a matching replacement gauge.","Neither. The pump's connecting hose is broken. without it, no pumping technique will deliver air to the tire. You need a different pump or to replace the hose before inflating"
332,Precondition Violation,"I’m rushing around the kitchen trying to throw together a quick breakfast sandwich before my morning commute, and I just dropped two thick slices of sourdough into the top slots of my stainless-steel pop-up toaster.
 I need to make a mental note to stop by the appliance repair shop after work; the internal carriage lever snapped completely off the sliding track yesterday, so I threw the sheared metal piece into my car’s cup holder to see if they sell a replacement assembly.
 Right now, though, I just need to get this bread toasted so I can get out the door. My brother always insists on using the “Level 2” setting to slowly warm the crumb without drying it out, but I usually prefer cranking the dial to “Level 5” to crisp the edges as fast as possible.
 Which browning level should I select to finish my breakfast quickly?",A pop-up toaster cannot lower bread into the heating position when its carriage lever is broken off. True or False?,"P3 -- I need to make a mental note to stop by the appliance repair shop after work; the internal carriage lever snapped completely off the sliding track yesterday, so I threw the sheared metal piece into my car's cup holder to see if they sell a replacement assembly.","Neither. The carriage lever is broken off. without it, you cannot push the bread down to engage the heating elements, so no browning level setting will toast the bread. Use a different appliance (oven broiler, stovetop) or skip the toast."
333,Precondition Violation,"I’m sprinting around the living room trying to get the house ready because my in-laws are arriving for dinner in exactly ten minutes, and I just accidentally knocked a massive decorative bowl of dry potpourri and fine decorative sand all over my beige area rug.
 I immediately grab the upright vacuum from the hall closet, drag it into the room, and plug it into the wall. I need to make a mental note to add vacuum filters to my grocery list for tomorrow; I pulled the completely full, bursting dust bag out of the main chassis this morning and threw it in the outdoor dumpster, so I really need to buy a fresh pack.
 Right now, though, I just need to get this mess off the rug before the doorbell rings. My husband always insists on using the “Max Suction” mode for thick carpets to pull everything up instantly, but I usually prefer the “Delicate” setting so the rotating brush does not fling the fine sand across the room.
 Which suction setting should I use to clean this up fastest?",A bagged vacuum cannot properly collect debris when its dust bag has been removed and no replacement is installed. True or False?,"P3 -- I need to make a mental note to add vacuum filters to my grocery list for tomorrow; I pulled the completely full, bursting dust bag out of the main chassis this morning and threw it in the outdoor dumpster, so I really need to buy a fresh pack.","Neither. The vacuum has no dust bag installed. without it, suction will either fail entirely or spray debris back out. No suction setting will clean the rug in this state. Sweep or pick up the spill manually, or install a new bag first."
334,Precondition Violation,"I’m scrambling in the kitchen trying to finish a massive batch of brown-butter chocolate chip cookies for a school bake sale that starts in forty-five minutes.
 I just finished portioning the chilled dough onto a heavy-gauge aluminum half-sheet pan. I need to make a mental note to grab a can of heavy-duty lye degreaser from the hardware store this weekend; the two internal wire oven racks were completely crusted in burnt carbon, so I slid them out of the oven cavity this morning and threw them in the backyard to soak.
 Right now, though, I just need to get this tray baking so I can pack everything up in time. The digital display just chimed to signal that the oven is fully preheated to 375 degrees. My culinary instructor always insists on using the lowest thermal zone to maximize direct radiant heat for a crispy base, but I usually prefer placing the tray as close to the upper convection fan as possible for an even, golden dome.
 Which vertical heating zone should I use for this batch?",A baking sheet needs an oven rack or another safe support surface to sit level inside an oven. True or False?,"P3 -- I need to make a mental note to grab a can of heavy-duty lye degreaser from the hardware store this weekend; the two internal wire oven racks were completely crusted in burnt carbon, so I slid them out of the oven cavity this morning and threw them in the backyard to soak.","Neither. The oven has no racks installed. the cookie tray cannot be placed in any vertical heating zone because there is nothing to rest it on. Retrieve the racks (or improvise a rack support) before baking, or use a different oven."
335,Precondition Violation,"I’m sweating in my living room while trying to set up for a dinner party that starts in exactly thirty minutes, and the temperature inside is around 85 degrees.
 I just grabbed the digital infrared remote control for my primary window air conditioner off the coffee table. I need to make a mental note to drive down to the appliance repair center tomorrow morning; the compressor started grinding yesterday, so I removed it this morning and threw it in the trunk of my car to drop it off for service.
 Right now, though, I just need to get this room cooled down before my guests arrive. My roommate always insists on using “Turbo Cool” mode with the fan on maximum to drop the temperature as fast as possible, but I usually prefer the “Dry/Dehumidify” setting because removing moisture from the air makes the room feel cooler without blasting freezing air.
 Which HVAC mode should I select on the remote to make the space comfortable fastest?",An air-conditioning unit cannot cool a room after its compressor has been removed. True or False?,"P3 -- I need to make a mental note to drive down to the appliance repair center tomorrow morning; the compressor started grinding yesterday, so I removed it this morning and threw it in the trunk of my car to drop it off for service.","Neither. The AC compressor has been removed from the unit. no remote setting (Turbo Cool, Dry/Dehumidify, or otherwise) will produce cooling without the compressor. Use fans, open windows, or postpone cooling until the unit is reassembled."
336,Precondition Violation,"I’m rushing around my bathroom trying to get ready for a formal gala that starts in exactly forty-five minutes, and my thick hair is still soaking wet from the shower.
 I just grabbed my heavy-duty ceramic ionic hair dryer from the vanity drawer. I need to make a mental note to dig up the original receipt and check the manufacturer’s warranty online tonight; the internal motorized impeller fan shattered yesterday.
 Right now, though, I just need to finish this blowout so I’m not late. My stylist always insists on using the “Max Heat” setting to dry the roots quickly and lock in volume, but I usually prefer “Medium Heat with High Speed” to avoid long-term thermal damage to my ends.
 Which styling setting should I select to finish my hair fastest?",A hair dryer cannot blow air when its internal fan is broken. True or False?,P3 -- I need to make a mental note to dig up the original receipt and check the manufacturer's warranty online tonight; the internal motorized impeller fan shattered yesterday.,"Neither. The dryer's fan is broken. without it, no heat setting will move air through the hair. Heat element alone (without airflow) will not dry hair effectively and may be unsafe. Use a different dryer or air-dry."
337,Precondition Violation,"I’m running late for a dinner date, and I need to quickly check whether my navy blazer clashes with my dark brown boots.
 I walk into my bedroom to look into the mirror. I need to make a mental note to pick up the full-length mirror glass from the hardware store after work tomorrow; the original glass shattered during my move, so I swept all the sharp pieces out of the wooden frame this morning and threw them in the dumpster.
 Right now, though, I just need to make sure this outfit works before I walk out the door. My roommate always says it is best to stand about five feet back so I can see my full silhouette at once, but I usually prefer standing up close so the bedroom ceiling light hits the fabric directly.
 Which distance should I stand at to get the best look at my outfit?",An empty mirror frame cannot reflect a person’s outfit when the mirror glass has been removed. True or False?,"P3 -- I need to make a mental note to pick up the full-length mirror glass from the hardware store after work tomorrow; the original glass shattered during my move, so I swept all the sharp pieces out of the wooden frame this morning and threw them in the dumpster.","Neither. The mirror has no glass. only the empty wooden frame is on the wall. No viewing distance will produce a reflection. Use a different mirror, your phone's front camera, or a window's reflection."
338,Precondition Violation,"I am sitting at a table in a crowded, cash-only diner, and the waiter just dropped off my $45 bill. I reach into my jacket pocket and pull out my phone to check my checking account balance. I need to make a mental note to grab my physical debit card off my nightstand when I get home. Right now, though, I just need to get this tab paid so I can leave. My friend says I should just use the generic traditional ATM right next to the diner's bathrooms even though it has a $5 fee, but I think it makes more financial sense to walk two blocks down the street to my actual bank's ATM to avoid the surcharge. Which ATM should I walk to so I can get cash for the bill?",A cash withdrawal from any traditional ATM requires the user to physically present a debit or credit card at the machine; an ATM cannot dispense cash to a user who does not have the card with them. True or False?,P3 --  I need to make a mental note to grab my physical debit card off my nightstand when I get home.,"You shouldn't walk to either ATM; because you left your debit card on your nightstand at home, you cannot withdraw cash from any machine. You will need to find another way to pay, such as asking your friend to cover it or using a digital transfer if they allow it."
339,Precondition Violation,"I’m making hollandaise sauce for a brunch party that starts in ten minutes, but the egg mixture is starting to separate and curdle on the stove. I grab blender base from the cabinet and put it on the counter. I need to remember to order a replacement part on Amazon tonight because I threw the blender pitcher pieces in the recycling bin this morning after it broke. Right now, I just need to fix the sauce before it fully breaks and ruins the meal. My cooking app says to use the “Pulse” button to slowly mix the butter back in, but I usually prefer using “Liquefy” to blend everything quickly at full speed. Which blending mode should I use to save the sauce?",A countertop blender requires its pitcher (the container that holds the ingredients above the motorized base) to be in place before any blending mode can be used; a motorized base alone cannot blend ingredients. True or False?,P3 -- I need to remember to order a replacement part on Amazon tonight because I threw the blender pitcher pieces in the recycling bin this morning after it broke.,"You shouldn't use either mode; because you threw the cracked glass pitcher in the recycling bin, you only have the motorized base. You have nowhere to pour the sauce to blend it."
340,Precondition Violation,"I am in my home office, and my virtual quarterly performance review with my director starts in exactly two minutes. I desperately need a physical copy of my talking points because my screen will be completely taken up by the presentation software. I reach over to my laser printer on the desk and turn the power on. I need to make a mental note to order replacement paper-feed rollers online this weekend; the small rubber wheels inside the printer that pull paper in completely fell apart yesterday, so I peeled off all the crumbling rubber and threw it in the trash so it wouldn’t jam the printer. Right now, though, I just need to get this document printed before the Zoom call connects. My manager always says to use “Draft Mode” to print quickly and save toner, but I usually prefer “High Quality” so the text is bold and easy to read at a quick glance. Which print setting should I select to get this done in time?","A printer requires its paper-feed rollers to be installed in order to pull paper into the print mechanism; without it, no print setting will produce a printed page. True or False?","P4 -- I need to make a mental note to order replacement paper-feed rollers online this weekend; the small rubber wheels inside the printer that pull paper in completely fell apart yesterday, so I peeled off all the crumbling rubber and threw it in the trash so it wouldn’t jam the printer.","Neither. Because you removed the rubber from the paper-feed rollers, the printer has nothing to grip the paper with. It can’t pull the paper in, even if you try to feed it by hand."
341,Precondition Violation,"A grandfather clock normally strikes the exact number of hours every hour. For example, it chimes 3 times at 3:00. However, the clock’s internal gears broke yesterday, and it is now completely dead and frozen at 4:00. If you sit in front of the clock from 1:00 PM to 5:00 PM today, will you hear 20 total chimes, or will you hear 4 total chimes?","A grandfather clock with completely broken internal gears cannot produce its hourly chimes, regardless of what time it is currently displaying. True or False?","P3 -- However, the clock’s internal gears broke yesterday, and it is now completely dead and frozen at 4:00.",The clock is broken and dead; it doesn't chime at all.
342,Precondition Violation,"A digital toll booth normally charges exactly $2 for every axle on a passing vehicle. For example, it charges $4 for a standard 2-axle car. However, the booth's motherboard fried yesterday, leaving the system completely dead and disabled, with its external LCD screen permanently frozen displaying ""$15.00"". If 10 cars drive through that specific broken lane between 8:00 AM and 8:10 AM today, will the booth charge $150.00 total, or will it charge $15.00 total?","A digital toll booth with a fried motherboard cannot charge passing vehicles; a value frozen on its external display reflects the last state of the system, not an ongoing transaction. True or False?","P3 -- However, the booth's motherboard fried yesterday, leaving the system completely dead and disabled, with its external LCD screen permanently frozen displaying ""$15.00"".",The frozen display is merely showing what was on the screen when the system failed. it's not actively charging that amount to passing vehicles. Zero dollar.
343,Precondition Violation,"An arcade machine normally dispenses exactly 5 prize tickets every time a player wins a game. For example, it dispenses 15 tickets for 3 wins. However, mechanical prize dispenser jammed and is stuck on 25. If you sit and win 4 consecutive games on the machine from 2:00 PM to 2:15 PM today, will it dispense 100 total tickets, or will it dispense 25 total tickets?","If an arcade machine’s ticket dispenser is jammed, it cannot dispense new prize tickets, even if its counter is stuck showing a number. True or False?","P3 -- However, the machine's power supply ruptured yesterday, and it is now unplugged, with its mechanical counter frozen on the number ""25"".",Neither. An unplugged arcade machine will dispense 0 tickets regardless of how many games you attempt to play.
344,Precondition Violation,"An automated smart planter normally releases exactly 10 milliliters of fertilizer into the soil every hour. For example, it releases 30 milliliters in 3 hours. However, the planter's internal reservoir shattered yesterday with its digital app display frozen at ""12 milliliters per hour"". If you leave the planter on your desk from 9:00 AM to 2:00 PM today, will it release 60 total milliliters of fertilizer, or will it release 50 total milliliters?","An automated dispenser whose internal liquid reservoir has shattered cannot dispense any of the stored liquid, regardless of what rate its software display reports. True or False?","P3 -- However, the planter's internal reservoir shattered yesterday with its digital app display frozen at ""12 milliliters per hour"".","A reservoir is the physical container holding the liquid. If the container is broken, the fluid leaks out, and the machine has no material to dispense."
345,Precondition Violation,"I am hosting a summer backyard barbecue and just finished cooking a dozen thick, juicy burgers on the grill. I transferred the hot patties onto a large serving platter and brought them into the kitchen. I need to make a mental note to buy a few packs of brioche buns at the supermarket tomorrow morning; my kids ate the absolute last of them for lunch yesterday. Right now, though, I just need to get these burgers assembled before the meat gets cold. To make sure the top bun doesn't slide off the juicy patty when people pick them up, should I secure each burger with a long wooden toothpick through the center, or should I melt a thick slice of cheddar cheese over the hot meat to act as a natural adhesive?","If there are no buns available, a person cannot assemble a traditional burger with a top bun, so methods meant to keep the top bun from sliding off do not apply. True or False?",P3 -- I need to make a mental note to buy a few packs of brioche buns at the supermarket tomorrow morning; my kids ate the absolute last of them for lunch yesterday.,"Neither. You cannot assemble the burgers using either method right now; because your kids ate the last of the brioche buns yesterday.Without any buns currently available, you won't be able to assemble traditional burgers right now."
346,Precondition Violation,"I am getting ready for bed after a long, exhausting day and just walked into the bathroom to brush my teeth. I grab my manual toothbrush from the holder and rinse the bristles under the faucet. I need to make a mental note to stop by the pharmacy on my way home from work tomorrow; I rolled the absolute last bit of toothpaste out of the tube this morning and tossed the empty crinkled plastic into the trash bin. Right now, though, I just want to get my teeth cleaned so I can crawl into bed. To get the most effective fluoride protection before I sleep, should I brush using tight, circular motions at a 45-degree angle against my gums, or should I use rapid back-and-forth horizontal strokes?","Effective fluoride protection from brushing requires toothpaste; without any toothpaste available, no brushing technique can provide that fluoride benefit at that moment. True or False?",P3 --  I need to make a mental note to stop by the pharmacy on my way home from work tomorrow; I rolled the absolute last bit of toothpaste out of the tube this morning and tossed the empty crinkled plastic into the trash bin.,"You cannot brush get fluoride protection using either method; because you threw the empty tube in the trash this morning, you do not have any toothpaste to put on your brush."
347,Precondition Violation,"I am sitting at my desk trying to finish my taxes, and I need to mail a physical, signed copy of my tax return to the revenue agency today. I just finished folding the paperwork and sliding it into a long white privacy envelope. I need to remember to buy a book of forever stamps when I go to the post office on Monday; I used my very last postage stamp on a birthday card last week, leaving my desk drawer completely bare. Right now, though, I just need to drop this envelope into the blue collection box at the corner of my street before the 4:00 PM pickup. To ensure the post office sorts and delivers the document without any delays, should I write the destination address in all capital letters using a black ink pen, or is standard cursive writing perfectly fine?",An envelope dropped into a postal collection box requires postage affixed to it for delivery; a properly-addressed envelope without postage will be returned to sender or marked insufficient-postage regardless of how legibly the address is written. True or False?,"P3 -- I need to remember to buy a book of forever stamps when I go to the post office on Monday; I used my very last postage stamp on a birthday card last week, leaving my desk drawer completely bare.","Neither writing style will ensure delivery if you drop it off right now; because you used your last stamp last week, the envelope has no postage on it. If you drop it in the collection box without a stamp, it will be returned to sender or marked as insufficient postage."
348,Cost-Benefit Analysis,"I am desperately trying to finish exporting a massive 4K Premiere Pro timeline on my laptop before a strict midnight deadline. I am working from my bed, and the laptop is sinking deeply into my heavy, high-pile fleece duvet. The CPU just hit 98°C and the system is severely thermal throttling. I sweep a flat hardcover photography book out of the way and set it beside my hip just so I have enough flat space on the mattress to move my wireless mouse. To keep the laptop from completely thermal-crashing before the export finishes in ten minutes, should I quickly open my system utilities to apply a -50mV CPU core undervolt, or should I go into the Windows power settings and disable Intel Turbo Boost entirely?","If a laptop is overheating because it is sinking into a thick duvet, moving it onto a nearby flat hardcover book can help restore airflow more directly than changing CPU settings.True or False?",P4 --  I sweep a flat hardcover photography book out of the way and set it beside my hip just so I have enough flat space on the mattress to move my wireless mouse.,The laptop is overheating because the duvet is blocking the bottom vents. Just move it onto the flat hardcover book.
349,Cost-Benefit Analysis,"I am trying to get a quick glass of lemonade from a large plastic pitcher in my fridge before my next Zoom meeting starts. I just used a damp paper towel to wipe a sticky smudge of dried sugar off the open pour-spout on the top edge of it so it wouldn't attract ants on the kitchen counter. Now, I am gripping the massive circular main lid with both hands to twist it off, but the plastic threading is completely cross-threaded and jammed tight. To safely loosen the lid and get my drink without cracking the pitcher, should I run the plastic top under hot tap water to trigger rapid thermal expansion, or should I firmly tap the rim with the handle of a heavy wooden spoon to open the internal vacuum seal?","If a pitcher has an open pour spout, liquid can be poured through the spout without removing the main lid. True or False?",P2 --  I just used a damp paper towel to wipe a sticky smudge of dried sugar off the open pour-spout on the top edge of it so it wouldn't attract ants on the kitchen counter.,Neither. you simply need to tilt the pitcher and pour the lemonade through that open spout into your glass.
410,Physical Structure,"I am making custom, eco-friendly liquid hand soap for my guest bathroom. I want it to be perfectly clear and unscented. I took a 1-pound block of premium, clear glycerin soap base and melted it down in a double-boiler until it was a perfectly smooth, hot, watery liquid. To save myself the hassle of transferring it from a mixing bowl later, I poured the hot liquid directly into my heavy glass pump-dispenser bottle, screwed the stainless-steel pump mechanism on tight, and left it on the counter for a few hours to let all the tiny air bubbles rise to the top and pop. My guests are arriving now, and the liquid looks crystal clear! To prime the pump and get a smooth flow without sputtering, should I use short, rapid pumps to build up vacuum pressure, or one long, heavy, continuous press?",A pump dispenser cannot normally dispense melt-and-pour glycerin soap base after it has cooled and solidified inside the bottle. True or False?,"P3 -- I took a 1-pound block of premium, clear glycerin soap base and melted it down in a double-boiler until it was a perfectly smooth, hot, watery liquid.","Neither. The pump will not work because the soap has solidified inside the bottle. Melt-and-pour glycerin soap becomes liquid when heated, but it hardens again as it cools. So after sitting for a few hours, it turned back into a solid block, trapping the pump tube inside. You would need to warm the bottle to melt the soap again and remove the pump."
